-- MySQL dump 10.13  Distrib 8.0.34, for Win64 (x86_64)
--
-- Host: localhost    Database: dirislim_visita
-- ------------------------------------------------------
-- Server version	5.5.5-10.4.10-MariaDB

/*!40101 SET @OLD_CHARACTER_SET_CLIENT=@@CHARACTER_SET_CLIENT */;
/*!40101 SET @OLD_CHARACTER_SET_RESULTS=@@CHARACTER_SET_RESULTS */;
/*!40101 SET @OLD_COLLATION_CONNECTION=@@COLLATION_CONNECTION */;
/*!50503 SET NAMES utf8 */;
/*!40103 SET @OLD_TIME_ZONE=@@TIME_ZONE */;
/*!40103 SET TIME_ZONE='+00:00' */;
/*!40014 SET @OLD_UNIQUE_CHECKS=@@UNIQUE_CHECKS, UNIQUE_CHECKS=0 */;
/*!40014 SET @OLD_FOREIGN_KEY_CHECKS=@@FOREIGN_KEY_CHECKS, FOREIGN_KEY_CHECKS=0 */;
/*!40101 SET @OLD_SQL_MODE=@@SQL_MODE, SQL_MODE='NO_AUTO_VALUE_ON_ZERO' */;
/*!40111 SET @OLD_SQL_NOTES=@@SQL_NOTES, SQL_NOTES=0 */;

--
-- Table structure for table `tap_entidad`
--

DROP TABLE IF EXISTS `tap_entidad`;
/*!40101 SET @saved_cs_client     = @@character_set_client */;
/*!50503 SET character_set_client = utf8mb4 */;
CREATE TABLE `tap_entidad` (
  `id` int(11) NOT NULL AUTO_INCREMENT,
  `entidad` varchar(50) DEFAULT NULL,
  `fecha_registro` datetime NOT NULL,
  PRIMARY KEY (`id`)
) ENGINE=InnoDB AUTO_INCREMENT=1178 DEFAULT CHARSET=utf8mb4;
/*!40101 SET character_set_client = @saved_cs_client */;

--
-- Dumping data for table `tap_entidad`
--

LOCK TABLES `tap_entidad` WRITE;
/*!40000 ALTER TABLE `tap_entidad` DISABLE KEYS */;
INSERT INTO `tap_entidad` VALUES (1073,'PARTICULAR ','2020-11-12 15:30:23'),(1074,'PARTICULAR ','2020-11-13 15:48:53'),(1075,'PARTICULAR ','2020-11-16 16:05:20'),(1076,'particular','2020-11-18 09:25:35'),(1077,'matero infatil  ves','2020-11-18 10:04:32'),(1078,'PARTICULAR ','2020-11-18 10:07:50'),(1079,'PARTICULAR ','2020-11-26 08:31:24'),(1080,'DIRIS LIMA SUR','2020-11-27 16:41:57'),(1081,'PARTICULAR ','2020-11-27 17:40:37'),(1082,'PARTICULAR ','2020-12-04 09:25:14'),(1083,'PARTICULAR ','2020-12-04 09:29:55'),(1084,'villa maria del triunfo','2020-12-04 09:33:32'),(1085,'PARTICULAR ','2020-12-04 10:00:27'),(1087,'PARTICULAR ','2020-12-04 10:10:02'),(1088,'PARTICULAR ','2020-12-04 10:13:57'),(1089,'PARTICULAR ','2020-12-04 10:16:26'),(1090,'PARTICULAR ','2020-12-04 10:18:47'),(1091,'PARTICULAR ','2020-12-04 10:23:17'),(1092,'c s valle sharo','2020-12-04 10:29:41'),(1093,'PARTICULAR ','2020-12-04 10:32:59'),(1094,'PARTICULAR ','2020-12-04 10:53:15'),(1095,'c s bejamin doig','2020-12-04 12:35:55'),(1096,'PARTICULAR ','2020-12-04 14:29:57'),(1097,'PRUEBA','2020-12-04 16:38:10'),(1098,'PARTICULAR ','2020-12-04 16:39:38'),(1099,'PARTICULAR ','2021-01-05 08:45:08'),(1100,'emp  suprom ','2021-01-05 08:58:14'),(1101,'IGUO','2022-02-11 16:19:34'),(1102,'DIRIS LIMA SUR','2022-02-11 16:20:36'),(1103,'DIRIS LIMA CETRO','2022-06-03 15:45:06'),(1104,'DIRIS LIMA ORTE','2022-06-06 11:21:19'),(1105,'particular','2022-06-07 10:35:49'),(1106,'particular','2022-06-07 10:40:58'),(1107,'particular','2022-06-21 08:51:27'),(1108,'particular','2022-06-21 08:54:15'),(1109,'particular','2022-06-21 09:26:04'),(1110,'particular','2022-06-21 09:30:53'),(1111,'particular','2022-06-21 09:33:26'),(1112,'particular','2022-06-21 09:35:17'),(1113,'particular','2022-06-21 09:44:12'),(1114,'particular','2022-06-21 09:46:11'),(1115,'particular','2022-06-21 10:53:22'),(1116,'particular','2022-06-21 11:08:12'),(1117,'particular','2022-06-21 11:12:19'),(1118,'particular','2022-06-21 11:14:11'),(1119,'particular','2022-06-21 11:57:45'),(1120,'particular','2022-06-21 12:11:05'),(1121,'particular','2022-06-21 12:24:08'),(1122,'particular','2022-06-21 14:07:07'),(1123,'particular','2022-06-21 14:09:02'),(1124,'particular','2022-06-21 14:35:34'),(1125,'particular','2022-06-21 14:37:32'),(1126,'particular','2022-06-21 15:33:47'),(1127,'particular','2022-06-21 15:55:27'),(1128,'particular','2022-06-21 16:26:42'),(1129,'DIRIS LIMA SUR','2022-07-11 09:49:36'),(1130,'DIRIS LIMA SUR','2022-07-11 09:51:34'),(1131,'DIRIS LIMA SUR','2022-07-15 09:56:53'),(1132,'DIRIS LIMA SUR','2022-07-15 10:29:10'),(1133,'DIRIS LIMA SUR','2022-07-15 14:33:39'),(1134,'DIRIS LIMA SUR','2022-07-15 14:37:21'),(1135,'DIRIS LIMA SUR','2022-07-15 15:57:25'),(1136,'DIRIS LIMA SUR','2022-07-19 09:02:44'),(1137,'DIRIS LIMA SUR','2022-07-19 09:37:48'),(1138,'DIRIS LIMA SUR','2022-07-19 10:20:08'),(1139,'DIRIS LIMA SUR','2022-07-19 10:21:50'),(1140,'DIRIS LIMA SUR','2022-07-19 10:24:05'),(1141,'DIRIS LIMA SUR','2022-07-19 10:26:31'),(1142,'DIRIS LIMA SUR','2022-07-19 16:37:04'),(1143,'DIRIS LIMA SUR','2022-07-19 16:39:49'),(1144,'DIRIS LIMA SUR','2022-07-21 10:05:47'),(1145,'DIRIS LIMA SUR','2022-07-21 10:08:15'),(1146,'DIRIS LIMA SUR','2022-07-21 10:10:02'),(1147,'DIRIS LIMA SUR','2022-07-21 14:11:05'),(1148,'PARTICULAR ','2022-07-21 14:12:46'),(1149,'DIRIS LIMA SUR','2022-08-04 08:36:17'),(1150,'DIRIS LIMA SUR','2022-08-04 08:41:06'),(1151,'DIRIS LIMA SUR','2022-08-04 08:49:08'),(1152,'PARTICULAR ','2022-08-04 09:15:52'),(1153,'PARTICULAR ','2022-08-04 09:25:49'),(1154,'PARTICULAR','2022-08-04 11:26:12'),(1155,'PARTICULAR','2022-08-04 11:29:35'),(1156,'PARTICULAR','2022-08-04 11:32:45'),(1157,'PARTICULAR','2022-08-04 11:34:48'),(1158,'PARTICULAR','2022-08-04 11:53:51'),(1159,'PARTICULAR','2022-08-04 11:55:57'),(1160,'PARTICULAR','2022-08-04 11:58:44'),(1161,'PARTICULAR','2022-08-04 12:00:22'),(1162,'PARTICULAR','2022-08-04 14:43:08'),(1163,'PARTICULAR','2022-08-04 15:16:38'),(1164,'PARTICULAR','2022-08-04 16:01:20'),(1165,'PARTICULAR','2022-08-08 08:19:36'),(1166,'PARTICULAR','2022-08-08 08:21:15'),(1167,'PARTICULAR','2022-08-08 15:23:21'),(1168,'PARTICULAR','2022-08-08 15:25:51'),(1169,'PARTICULAR','2022-08-08 15:32:17'),(1170,'PARTICULAR','2022-08-08 15:53:21'),(1171,'PARTICULAR','2022-08-08 16:12:40'),(1172,'PARTICULAR','2022-08-12 08:41:44'),(1173,'PARTICULAR','2022-08-12 08:43:25'),(1174,'PARTICULAR','2022-08-12 08:45:30'),(1175,'PARTICULAR','2022-08-12 15:29:55'),(1176,'PARTICULAR','2022-08-12 15:31:52'),(1177,'PARTICULAR','2022-08-12 15:34:07');
/*!40000 ALTER TABLE `tap_entidad` ENABLE KEYS */;
UNLOCK TABLES;

--
-- Table structure for table `tap_funcionario`
--

DROP TABLE IF EXISTS `tap_funcionario`;
/*!40101 SET @saved_cs_client     = @@character_set_client */;
/*!50503 SET character_set_client = utf8mb4 */;
CREATE TABLE `tap_funcionario` (
  `id` int(11) NOT NULL AUTO_INCREMENT,
  `idtipo_documento` int(11) NOT NULL,
  `num_documento` varchar(50) NOT NULL,
  `nombre` varchar(50) NOT NULL,
  `identidad` int(11) NOT NULL,
  `cargo` varchar(50) DEFAULT NULL,
  `fecha_registro` varchar(50) DEFAULT NULL,
  PRIMARY KEY (`id`),
  KEY `identidad` (`identidad`),
  KEY `idtipo_documento` (`idtipo_documento`),
  CONSTRAINT `tap_funcionario_ibfk_1` FOREIGN KEY (`identidad`) REFERENCES `tap_entidad` (`id`),
  CONSTRAINT `tap_funcionario_ibfk_2` FOREIGN KEY (`idtipo_documento`) REFERENCES `tap_tipodocumento` (`id`)
) ENGINE=InnoDB AUTO_INCREMENT=1425 DEFAULT CHARSET=utf8mb4;
/*!40101 SET character_set_client = @saved_cs_client */;

--
-- Dumping data for table `tap_funcionario`
--

LOCK TABLES `tap_funcionario` WRITE;
/*!40000 ALTER TABLE `tap_funcionario` DISABLE KEYS */;
INSERT INTO `tap_funcionario` VALUES (1130,2,'45551678','HINOSTROZA GARRIAZO YUDITH PAMELA',1073,'DIRIS LIMA SUR','2020-11-12 15:30:23.3863879'),(1131,2,'09531952','paredes manayay rosa',1074,'DIRIS LIMA SUR','2020-11-13 15:48:53.3152261'),(1132,2,'45847936','braulio alexis flores centenc',1075,'DIRIS LIMA SUR','2020-11-16 16:05:20.9980284'),(1137,2,'76244566','YOSSHI SALVADOR CONDORI MENDIETA',1080,'DIRIS LIMA SUR','2020-11-27 16:41:57.6921626'),(1138,2,'22297089','salazar vda cabrera pamira ',1081,'DIRIS LIMA SUR','2020-12-04 14:35:31.3713033'),(1154,2,'76244532','PRUEBA',1097,'DIRIS LIMA SUR','2020-12-04 16:38:10.9679739'),(1155,2,'80566145','NESTOR UBILLA DE  LA CRUZ',1098,'DIRIS LIMA SUR','2020-12-04 16:39:38.9121106'),(1160,2,'46887471','RAMIREZ GONZALES SANTOS',1073,'PARTICULAR','2021-09-29 00:00:00.000'),(1161,2,'75562651','INUMA VASQUEZ PINKI',1073,'PARTICULAR','2021-09-29 00:00:00.000'),(1162,2,'40782035','GERONIMO CHAHUA RAMO',1073,'PARTICULAR','2021-09-29 00:00:00.000'),(1163,2,'40826690','CANALES ALZAMORA YUM',1073,'PARTICULAR','2021-09-29 00:00:00.000'),(1164,2,'07690760','QUISPE AMDRETTY TOMAS',1073,'PARTICULAR','2021-09-29 00:00:00.000'),(1165,2,'40252340','ROJAS SANDAJO NANCY',1073,'PARTICULAR','2021-09-29 00:00:00.000'),(1166,2,'43456557','RAMIREZ MORI JUA',1073,'PARTICULAR','2021-09-29 00:00:00.000'),(1167,2,'44034081','DIAS DIAS JOSE',1073,'PARTICULAR','2021-09-29 00:00:00.000'),(1168,2,'46129570','MALCA LINARES HANS',1073,'PARTICULAR','2021-09-29 00:00:00.000'),(1169,2,'45027492','SALAS PUPRI EMANUEL',1073,'PARTICULAR','2021-09-29 00:00:00.000'),(1170,2,'09489561','MENDOZA HUAMACTO RICARDINA',1073,'PARTICULAR','2021-09-29 00:00:00.000'),(1171,2,'46430142','OJEDA PERES HELDER',1073,'PARTICULAR','2021-09-29 00:00:00.000'),(1172,2,'75113275','OJEDA PERES GUILLERMO',1073,'PARTICULAR','2021-09-29 00:00:00.000'),(1173,2,'45784725','HUAMAN TOCTO NELVA',1073,'PARTICULAR','2021-09-29 00:00:00.000'),(1174,2,'47884153','GALINDO SUANY ZOILA',1073,'PARTICULAR','2021-09-29 00:00:00.000'),(1175,2,'10334820','MOGOLLON RAMOS DAVID',1073,'PARTICULAR','2021-09-29 00:00:00.000'),(1176,2,'11111111','FLOREANO AYALA MARI',1073,'PARTICULAR','2021-09-29 00:00:00.000'),(1177,2,'08115921','RUIS CONTRERAS CARME',1073,'PARTICULAR','2021-09-29 00:00:00.000'),(1178,2,'11213614','HUAMANI CASTRO MARLENE',1073,'PARTICULAR','2021-09-29 00:00:00.000'),(1179,2,'25800590','RAMOS VALLE CARME',1073,'PARTICULAR','2021-09-29 00:00:00.000'),(1180,2,'10531712','GARAY PAREDES GUSTAVO',1073,'PARTICULAR','2021-09-29 00:00:00.000'),(1181,2,'07438272','SUAREZ HERNANDEZ OMAR',1073,'PARTICULAR','2021-09-29 00:00:00.000'),(1182,2,'26129024','DIAZ OLIVARES MILAGROS',1073,'PARTICULAR','2021-09-29 00:00:00.000'),(1183,2,'10394615','MOYANO AGAPITO NICOLAS',1073,'PARTICULAR','2021-09-29 00:00:00.000'),(1184,2,'09453448','SANCHEZ SARMIENTO JOSE',1073,'PARTICULAR','2021-09-29 00:00:00.000'),(1185,2,'10652936','SOTO MANRIQUE ALEJANDRO',1073,'PARTICULAR','2021-09-30 00:00:00.000'),(1186,2,'10232269','HUAMAN VILCA HECTOR',1073,'PARTICULAR','2021-09-30 00:00:00.000'),(1187,2,'09239301','SILVA VELAZCO JUA',1073,'PARTICULAR','2021-09-30 00:00:00.000'),(1188,2,'45484034','CHACON ALVARES JASMI',1073,'PARTICULAR','2021-09-30 00:00:00.000'),(1189,2,'43414713','ASTRO ARIAS ANGELA',1073,'PARTICULAR','2021-09-30 00:00:00.000'),(1190,2,'47299587','MARIN DIAZ PATRICIO',1073,'PARTICULAR','2021-09-30 00:00:00.000'),(1191,2,'42258796','LEON LLANOS FERNANDO',1073,'PARTICULAR','2021-09-30 00:00:00.000'),(1192,2,'07969076','PACASMANO GALVEZ COSME',1073,'PARTICULAR','2021-09-30 00:00:00.000'),(1193,2,'09523324','MENACHO CUYA ELIZABETH',1073,'PARTICULAR','2021-09-30 00:00:00.000'),(1194,2,'40052953','VILLAREAL MONCADA HUGO',1073,'PARTICULAR','2021-09-30 00:00:00.000'),(1195,2,'46235241','VILLAREAL SANCHEZ MICAHEL',1073,'PARTICULAR','2021-09-30 00:00:00.000'),(1196,2,'45522939','RODRIGUEZ ADRIANO JOE',1073,'PARTICULAR','2021-09-30 00:00:00.000'),(1197,2,'46736277','CABALLERO LORA JOSSI',1073,'PARTICULAR','2021-09-30 00:00:00.000'),(1198,2,'44255620','CALCAY HERNANDEZ JIMMY',1073,'PARTICULAR','2021-09-30 00:00:00.000'),(1199,2,'32922228','GORRION GUZMAN FERNANDO',1073,'PARTICULAR','2021-09-30 00:00:00.000'),(1200,2,'72661355','SUAREZ ALVITES DIANA',1073,'PARTICULAR','2021-09-30 00:00:00.000'),(1201,2,'47913399','IÑAPE MARMOTA CASIMIRO',1073,'PARTICULAR','2021-09-30 00:00:00.000'),(1202,2,'46354155','MAMALACHE CARTAJENA URSULA',1073,'PARTICULAR','2021-09-30 00:00:00.000'),(1203,2,'06204943','MARIN DIAS SEGUNDO',1073,'PARTICULAR','2021-09-30 00:00:00.000'),(1204,2,'70104320','PADILLA FERMIN MANUELA',1073,'PARTICULAR','2021-09-30 00:00:00.000'),(1205,2,'70245923','AGAMA CUBA RAFAEL',1073,'PARTICULAR','2021-09-30 00:00:00.000'),(1206,2,'47167099','CHUMACERO DULANTO MARIA',1073,'PARTICULAR','2021-09-30 00:00:00.000'),(1207,2,'70463410','BAUTISTA TORRES IRIS',1073,'PARTICULAR','2021-09-30 00:00:00.000'),(1208,2,'09916734','BUENDIA CUBAS JOSE',1073,'PARTICULAR','2021-09-30 00:00:00.000'),(1209,2,'25240471','ALCAZAR REYES LUISA',1073,'PARTICULAR','2021-09-30 00:00:00.000'),(1210,2,'42179428','DIAZ SANTA CRUZ LUIS',1073,'PARTICULAR','2021-10-16 00:00:00.000'),(1211,2,'07261683','LISSET NEIRA ASENJO',1073,'PARTICULAR','2021-10-16 00:00:00.000'),(1212,2,'10334820','MOGOLLON RAMOS DAVID',1073,'PARTICULAR','2021-10-16 00:00:00.000'),(1213,2,'03345872','PADRON LOPEZ ONIEL',1073,'PARTICULAR','2021-10-16 00:00:00.000'),(1214,2,'42828819','RAMOS VILLALOBOS MARLO',1073,'PARTICULAR','2021-10-16 00:00:00.000'),(1215,2,'08933517','CAMARENA MESA ELVIS',1073,'PARTICULAR','2021-10-16 00:00:00.000'),(1216,2,'75563688','LOPEZ SALAZAR DAYANA',1073,'PARTICULAR','2021-10-16 00:00:00.000'),(1217,2,'07042061','CARRILLO VELAZCO MARIA',1073,'PARTICULAR','2021-10-16 00:00:00.000'),(1218,2,'40826690','CANALES ALZAMORA YUM',1073,'PARTICULAR','2021-10-16 00:00:00.000'),(1219,2,'02321766','GONZALES CUBANA',1073,'PARTICULAR','2021-10-16 00:00:00.000'),(1220,2,'48490620','MASIAS AGUILAR FAUSTINA',1073,'PARTICULAR','2021-10-16 00:00:00.000'),(1221,2,'80012895','JOYO VEGA FRANCISCO',1073,'PARTICULAR','2021-10-16 00:00:00.000'),(1222,2,'42265226','TUESTA CONDORI TANIA',1073,'PARTICULAR','2021-10-20 00:00:00.000'),(1223,2,'07193143','TAPIA RIVERA IRMA ROSA',1073,'PARTICULAR','2021-10-21 00:00:00.000'),(1224,2,'08839301','SILVA VELAZCO JUAN MIGUEL',1073,'PARTICULAR','2021-10-21 00:00:00.000'),(1225,2,'40921591','JUAREZ CAMPO LISSET',1073,'PARTICULAR','2021-10-21 00:00:00.000'),(1226,2,'09352470','LOPEZ PALOMINO YOLANDA ELSA',1073,'PARTICULAR','2021-10-21 00:00:00.000'),(1227,2,'44003709','HORNA ABANTO AURELIANA',1073,'PARTICULAR','2021-10-21 00:00:00.000'),(1228,2,'07582272','ALZAMORA AREVALO RUTH',1073,'PARTICULAR','2021-10-21 00:00:00.000'),(1229,2,'45027495','SALAS PUPRI EMANUEL',1073,'PARTICULAR','2021-10-21 00:00:00.000'),(1230,2,'04057538','UTOS CRISPIN CIRILA',1073,'PARTICULAR','2021-10-21 00:00:00.000'),(1231,2,'10448374','PARDO FIGUEROA JANETH',1073,'PARTICULAR','2021-10-21 00:00:00.000'),(1232,2,'40826690','CANALES AXZANOA YURI ANDRES',1073,'PARTICULAR','2021-10-21 00:00:00.000'),(1233,2,'07886047','GALLO NEGREIROS DAVID',1073,'PARTICULAR','2021-10-21 00:00:00.000'),(1234,2,'45662907','BRAVO RODRIGUEZ CINTHIA',1073,'PARTICULAR','2021-10-23 00:00:00.000'),(1235,2,'08895218','JARAMILLO MORA LEOPOLDO',1073,'PARTICULAR','2021-10-23 00:00:00.000'),(1236,2,'0853785','GONZALES PRIETO LUIS',1073,'PARTICULAR','2021-10-23 00:00:00.000'),(1237,2,'73179728','FUENTES GUTIERREZ STEFANNY',1073,'PARTICULAR','2021-10-23 00:00:00.000'),(1238,2,'70445330','ABENDAÑO MIRANDA KATERINE',1073,'PARTICULAR','2021-10-23 00:00:00.000'),(1239,2,'09695470','ZEGARRA HIDALGO FELIX',1073,'PARTICULAR','2021-10-23 00:00:00.000'),(1240,2,'47963437','NORIEGA ORTECHO JOAO',1073,'PARTICULAR','2021-10-23 00:00:00.000'),(1241,2,'10307515','BOZA MAYTA MARLO',1073,'PARTICULAR','2021-10-23 00:00:00.000'),(1242,2,'45286640','BOJORQUE MEZA ROBERTO',1073,'PARTICULAR','2021-10-23 00:00:00.000'),(1243,2,'10333154','SILVIA KELLER VIVANCO',1073,'PARTICULAR','2021-10-23 00:00:00.000'),(1244,2,'20556913','KHOLER VIVANCO MARIA',1073,'PARTICULAR','2021-10-23 00:00:00.000'),(1245,2,'46654932','LOPEZ TERRONES RONALD',1073,'PARTICULAR','2021-10-23 00:00:00.000'),(1246,2,'10531986','VILCATOMA AYALA ROSA',1073,'PARTICULAR','2021-10-23 00:00:00.000'),(1247,2,'75853545','CARRION PACHECO JOA',1073,'PARTICULAR','2021-10-23 00:00:00.000'),(1248,2,'27499349','AYALA LOZADA TATIANA',1073,'PARTICULAR','2021-10-23 00:00:00.000'),(1249,2,'73974625','VARGAS SELIS CRISTHIA',1073,'PARTICULAR','2021-10-23 00:00:00.000'),(1250,2,'46455728','ACOSTA RODRIGUEZ LUCERO',1073,'PARTICULAR','2021-10-23 00:00:00.000'),(1251,2,'43590406','ABANTO VELASQUEZ WILI',1073,'PARTICULAR','2021-10-23 00:00:00.000'),(1252,2,'40756036','RITTE VIVANCO CESAR',1073,'PARTICULAR','2021-10-23 00:00:00.000'),(1253,2,'25579967','NIEVEZ DEL RIO JULIO',1073,'PARTICULAR','2021-10-23 00:00:00.000'),(1254,2,'25778452','MORENO FERNANDEZ JOHNNY',1073,'PARTICULAR','2021-10-23 00:00:00.000'),(1255,2,'07625849','MANRIQUE MORALES MIGUEL',1073,'PARTICULAR','2021-10-23 00:00:00.000'),(1256,2,'08833899','PINO OTARI ELMER',1073,'PARTICULAR','2021-10-23 00:00:00.000'),(1257,2,'40562593','VILCHEZ MONCADA RUDY',1073,'PARTICULAR','2021-10-23 00:00:00.000'),(1258,2,'10760591','PEREZ MUÑOZ MIGUEL',1073,'PARTICULAR','2021-10-23 00:00:00.000'),(1259,2,'10140664','ABAD ACUÑA YANINA',1073,'PARTICULAR','2021-11-19 00:00:00.000'),(1260,2,'10200795','SUAREZ BORNEO FELIX BENITO',1073,'PARTICULAR','2021-11-19 00:00:00.000'),(1261,2,'10238437','FLORES LEDESMA ELENA',1073,'PARTICULAR','2021-11-19 00:00:00.000'),(1262,2,'10445321','TORRES PINEDA SILVIA',1073,'PARTICULAR','2021-11-19 00:00:00.000'),(1263,2,'49032501','GOYCOCHEA ARENAS MARIA',1073,'PARTICULAR','2021-11-19 00:00:00.000'),(1264,2,'42613805','PALOMINO ZUERO YENY',1073,'PARTICULAR','2021-11-19 00:00:00.000'),(1265,2,'10744221','PEREDA MALQUI JORGE FABIANO',1073,'PARTICULAR','2021-11-19 00:00:00.000'),(1266,2,'47995499','RUBIO BRAVO MAFFER',1073,'PARTICULAR','2021-11-19 00:00:00.000'),(1267,2,'07521738','BRAVO ROJAS ABRAHAN ',1073,'PARTICULAR','2021-11-19 00:00:00.000'),(1268,2,'10749560','DONAYRE PONCE ROMULO',1073,'PARTICULAR','2021-11-19 00:00:00.000'),(1269,2,'10744221','PINEDA MALLIQUI JORGE',1073,'PARTICULAR','2021-11-19 00:00:00.000'),(1270,2,'22674985','SOLORZANO CASTILLO ISIDORA',1073,'PARTICULAR','2021-11-19 00:00:00.000'),(1271,2,'72182405','PUERTA AGUILAR JOSE',1073,'PARTICULAR','2021-11-23 00:00:00.000'),(1272,2,'10235793','QUISPE CORONADO ELMER',1073,'PARTICULAR','2021-11-23 00:00:00.000'),(1273,2,'42984795','CASTILLON MANRIQUE RUTH',1073,'PARTICULAR','2021-11-23 00:00:00.000'),(1274,2,'10010578','MOSQUERA SANCHEZ ROSA ELENA',1073,'PARTICULAR','2021-11-23 00:00:00.000'),(1275,2,'44255347','PARRAGA TORIBIO JESSICA',1073,'PARTICULAR','2021-11-23 00:00:00.000'),(1276,2,'46992903','ZURITA BURMESTER RODOLFO AUGUSTO',1073,'PARTICULAR','2021-11-23 00:00:00.000'),(1277,2,'42770336','DELGADO AGUIRRE ANGELA ELIZABETH',1073,'PARTICULAR','2021-11-23 00:00:00.000'),(1278,2,'41091064','CABELLO HUIDOBAD YANNETH',1073,'PARTICULAR','2021-11-23 00:00:00.000'),(1279,2,'10744221','PINEDA MALLIQUI JORGE',1073,'PARTICULAR','2021-11-23 00:00:00.000'),(1280,2,'43530424','ALEGRE GOMERO JEA',1073,'PARTICULAR','2021-11-23 00:00:00.000'),(1281,2,'40363469','MEJIA RIOS CARLA PATRICIA',1073,'PARTICULAR','2021-11-23 00:00:00.000'),(1282,2,'42087105','ROJAS ARROYO JHONNY',1073,'PARTICULAR','2021-11-23 00:00:00.000'),(1283,2,'70783009','CHAVEZ HUERTAS BRIA',1073,'PARTICULAR','2021-11-23 00:00:00.000'),(1284,2,'40780259','NICHO CHAVEZ AUGUSTO',1073,'PARTICULAR','2021-11-23 00:00:00.000'),(1285,2,'40826690','CANALES AYZANDA YURI',1073,'PARTICULAR','2021-11-23 00:00:00.000'),(1286,2,'10424201','VILAS POZO SAYDA',1073,'PARTICULAR','2021-11-23 00:00:00.000'),(1287,2,'70334684','CHUMPITAZ COBEÑAS NARDA',1073,'PARTICULAR','2021-11-23 00:00:00.000'),(1288,2,'43071597','PAREDES PAREDES YESSICA',1073,'PARTICULAR','2021-11-23 00:00:00.000'),(1289,2,'10325109','GIORDANO RAMIREZ KUROIWA',1073,'PARTICULAR','2021-11-23 00:00:00.000'),(1290,2,'72302642','HERNANDEZ DESPOSORIO AXEL',1073,'PARTICULAR','2021-11-23 00:00:00.000'),(1291,2,'49032501','GOYCOCHEA ARENAS MARIA',1073,'PARTICULAR','2021-11-23 00:00:00.000'),(1292,2,'03071367','CORDOVA IBAÑEZ GUALBERTO',1073,'PARTICULAR','2021-12-29 00:00:00.000'),(1293,2,'21493961','MUÑOZ MANDONADO HERNAN JESUS',1073,'PARTICULAR','2021-12-29 00:00:00.000'),(1294,2,'10749560','DONAYRE PONCE ROMULO',1073,'PARTICULAR','2021-12-29 00:00:00.000'),(1295,2,'73221405','FELIX SARAVIA NELLY',1073,'PARTICULAR','2021-12-29 00:00:00.000'),(1296,2,'46101151','MAMANI MOLLEAPAZA GODOFREDA',1073,'PARTICULAR','2021-12-29 00:00:00.000'),(1297,2,'77142150','CCAMAPAZA CHUMBE KIARA ',1073,'PARTICULAR','2021-12-29 00:00:00.000'),(1298,2,'44286655','SORIA VELASQUEZ JESSICA',1073,'PARTICULAR','2021-12-29 00:00:00.000'),(1299,2,'09288103','NUÑEZ HUAMAN MAGDA',1073,'PARTICULAR','2021-12-29 00:00:00.000'),(1300,2,'40826690','CANALES ALZAMORA YUM',1073,'PARTICULAR','2021-12-29 00:00:00.000'),(1301,2,'46430142','OJEDA PEREZ HELDER',1073,'PARTICULAR','2021-12-29 00:00:00.000'),(1302,2,'08839301','SILVA VELAZCO JUAN MIGUEL',1073,'PARTICULAR','2021-12-29 00:00:00.000'),(1303,2,'41329381','LOZA CASTILLO ANIBAL',1073,'PARTICULAR','2021-12-29 00:00:00.000'),(1304,2,'23563280','PORMACHI QUISPE RAFAEL',1073,'PARTICULAR','2021-12-29 00:00:00.000'),(1305,2,'41198460','ZAPATA FRANCO GISSELA ',1073,'PARTICULAR','2021-12-29 00:00:00.000'),(1306,2,'09689865','MAZA JUAREZ JUAN CARLOS',1073,'PARTICULAR','2021-12-29 00:00:00.000'),(1307,2,'43593557','CHAMBERGO ROMERO OSCAR SERGIO',1073,'PARTICULAR','2021-12-29 00:00:00.000'),(1308,2,'45454250','RODRIGUEZ TORRES RICARDO LEONCIO',1073,'PARTICULAR','2021-12-29 00:00:00.000'),(1309,2,'21547449','TORREJON MEDINA MIRIA',1073,'PARTICULAR','2021-12-29 00:00:00.000'),(1310,2,'09688424','QUISPE SOTO DE ROJAS MARIA',1073,'PARTICULAR','2021-12-29 00:00:00.000'),(1311,2,'47132143','CHILGUILLO ÑAHUI JHEXSO',1073,'PARTICULAR','2021-12-29 00:00:00.000'),(1312,2,'42888282','AYUQUE CCORA JOEL',1073,'PARTICULAR','2021-12-29 00:00:00.000'),(1313,2,'10648133','MONTOYA AGUIRRE JORGE',1073,'PARTICULAR','2021-12-29 00:00:00.000'),(1314,2,'09777009','QUISPE DE LA CRUZ MARIA',1073,'PARTICULAR','2021-12-29 00:00:00.000'),(1315,2,'40582928','DUEÑAS FARFAN ROLANDO',1073,'PARTICULAR','2021-12-29 00:00:00.000'),(1316,2,'09692038','BENDEZU RONDAN ELIZABETH',1073,'PARTICULAR','2021-12-29 00:00:00.000'),(1317,2,'10082082','CHAVEZ ÑAHUI NORA',1073,'PARTICULAR','2021-12-29 00:00:00.000'),(1318,2,'41706111','MARTINEZ RECUAY ROCIO',1073,'PARTICULAR','2021-12-29 00:00:00.000'),(1319,2,'10633570','ZAMALLOA RAMIREZ OLGA',1073,'PARTICULAR','2021-12-29 00:00:00.000'),(1320,2,'77795725','ARIAS RAMIRES GIANCARLOS',1073,'PARTICULAR','2021-08-27 00:00:00.000'),(1321,2,'09147635','ROJAS ROMERO FERNANDO',1073,'PARTICULAR','2021-08-27 00:00:00.000'),(1322,2,'80012995','JAYO VEGA FRANCISCO',1073,'PARTICULAR','2021-08-27 00:00:00.000'),(1323,2,'09146974','ARAUJO BUSTAMANTE TEOFILO',1073,'PARTICULAR','2021-08-27 00:00:00.000'),(1324,2,'06673144','PICHILINES VICENTE MERCEDES',1073,'PARTICULAR','2021-08-27 00:00:00.000'),(1325,2,'09243663','ORTIZ OBISPO CESAR',1073,'PARTICULAR','2021-08-27 00:00:00.000'),(1326,2,'10260125','ZANTANA BERROCAL MARCO',1073,'PARTICULAR','2021-08-27 00:00:00.000'),(1327,2,'42822420','MORA RAMOS VICTOR',1073,'PARTICULAR','2021-08-27 00:00:00.000'),(1328,2,'46223104','LUNA APARICIO ALESSANDRA',1073,'PARTICULAR','2021-08-27 00:00:00.000'),(1329,2,'75113275','OJEDA PERES GUILLERMO',1073,'PARTICULAR','2021-08-27 00:00:00.000'),(1330,2,'45525521','ORTIZ ORMEÑO KATERI',1073,'PARTICULAR','2021-08-27 00:00:00.000'),(1331,2,'10653579','ROJAS VELASQUEZ SEMINARIO',1073,'PARTICULAR','2021-08-27 00:00:00.000'),(1332,2,'09695470','ZEGARRA HIDALGO FELIX',1073,'PARTICULAR','2021-08-27 00:00:00.000'),(1333,2,'06666703','VIGIL VIZCARRA JONATHA',1073,'PARTICULAR','2021-08-27 00:00:00.000'),(1334,2,'09262364','DIAS VALLES REYNITA',1073,'PARTICULAR','2021-08-27 00:00:00.000'),(1335,2,'46430142','OJEDARAMOS HAYDE',1073,'PARTICULAR','2021-08-27 00:00:00.000'),(1336,2,'25840471','ALCAZAR REYES LUISA',1073,'PARTICULAR','2021-08-27 00:00:00.000'),(1337,2,'09701128','AGÜERO DOMINGUEZ ZARAI',1073,'PARTICULAR','2021-08-27 00:00:00.000'),(1338,2,'04402573','VILLANO AGUILAR SOFIA',1073,'PARTICULAR','2021-08-27 00:00:00.000'),(1339,2,'07442529','TASAYCO HERNANDEZ MIGUEL',1073,'PARTICULAR','2021-08-27 00:00:00.000'),(1340,2,'15450421','PALOMINO VIVANCO SABINO',1073,'PARTICULAR','2021-08-27 00:00:00.000'),(1341,2,'09957277','CARDENAS GUTIERREZ WILIAM',1073,'PARTICULAR','2021-08-27 00:00:00.000'),(1342,2,'07426109','TUPAC BEDOYA REY FREDDY',1073,'PARTICULAR','2021-08-27 00:00:00.000'),(1343,2,'41982640','VILLANO PONTE ROSA',1073,'PARTICULAR','2021-08-27 00:00:00.000'),(1344,2,'42981148','MOREYRA FRANCIS PIERO',1073,'PARTICULAR','2021-08-27 00:00:00.000'),(1345,2,'09577791','PRUÑO CHAUCA ELIZABETH',1073,'PARTICULAR','2021-08-27 00:00:00.000'),(1346,2,'10631446','MIRANDA CARBAJAL WALTER',1073,'PARTICULAR','2021-08-27 00:00:00.000'),(1347,2,'76244566','YOSSHI SALVADOR CONDORI MENDIETA',1103,'PRUEBA','2022-06-03 15:45:06.6738937'),(1348,2,'76244566','YOSSHI SALVADOR CONDORI MENDIETA',1104,'DIRIS LIMA SUR','2022-06-06 11:21:19.8474630'),(1373,2,'76000295','giuliana lazaro cueva',1080,'dra.','2022-07-11 09:24:58.0109930'),(1374,2,'76600295','giuliana lazaro cueva',1102,'dra.','2022-07-11 09:26:28.7846219'),(1376,2,'42499104','salvatierra  maza  paola',1130,'ENCARGADO DEL AREA','2022-07-11 09:51:34.9772563'),(1377,2,'41550548','fernandez  cuellar  piero',1131,'ENCARGADO DEL AREA','2022-07-15 09:56:53.9169886'),(1379,2,'07892498','retes ramirez deperez doris',1133,'ENCARGADO DEL AREA','2022-07-15 14:33:39.5450833'),(1380,2,'41745330','apolinario condori emilia',1134,'ENCARGADO DEL AREA','2022-07-15 14:37:21.9412303'),(1381,2,'44426695','noya rubio ciro',1135,'ENCARGADO DEL AREA','2022-07-15 15:57:25.0156020'),(1382,2,'09220467','serpa collins david',1136,'ENCARGADO DEL AREA','2022-07-19 09:02:44.1029347'),(1383,2,'70758830','sanchez cuquian airto',1137,'LOGISTICA','2022-07-19 09:37:48.6332874'),(1384,2,'09145399','chunga purisaca cesar',1138,'LOGISTICA','2022-07-19 10:20:08.5654525'),(1386,2,'42502564','vargas barboza haendel',1140,'LOGISTICA','2022-07-19 10:24:05.5410372'),(1387,2,'70437473','pinto gossini karina',1141,'LABORATORIO','2022-07-19 10:26:31.5962598'),(1388,2,'08081496','egusquiza robles david ',1142,'LEGAJO','2022-07-19 16:37:04.6001320'),(1389,2,'41738030','bellido quispe julio',1143,'ADMINISTRACIO','2022-07-19 16:39:49.8584834'),(1390,2,'46130092','magariño vargas edwi',1144,'LOGISTICA','2022-07-21 10:05:47.7064891'),(1391,2,'72232091','medina santiago blanca',1145,'SERUM','2022-07-21 10:08:15.9738030'),(1392,2,'46151717','soto astocondor samantha',1146,'SERUM','2022-07-21 10:10:02.8285046'),(1393,2,'40852480','bernales zavala guisella',1147,'SERUM','2022-07-21 14:11:05.2944245'),(1394,2,'45979015','quispe conde augusto',1148,'LOGISTICA','2022-07-21 14:12:46.4573537'),(1411,2,'72649405','Aldo Mogrovejo Avila',1080,'Servicios Generales','2022-08-05 16:37:29.7839061'),(1414,2,'08881613','flores loayza raquel',1167,'DIRIS LIMA SUR','2022-08-08 15:23:21.8274060'),(1415,2,'44138730','rosales centeno jua',1168,'DIRIS LIMA SUR','2022-08-08 15:25:51.5895963'),(1416,2,'47564484','cartolini romero estephany',1169,'DIRIS LIMA SUR','2022-08-08 15:32:17.8760645'),(1417,2,'10756139','veramendi mayhure jose',1170,'DIRIS LIMA SUR','2022-08-08 15:53:21.6886764'),(1418,2,'09577022','machahua ya ctayo angelica',1171,'DIRIS LIMA SUR','2022-08-08 16:12:40.4734846'),(1419,2,'08410088','anyoza huarcaya pedro',1172,'DIRIS LIMA SUR','2022-08-12 08:41:44.7729782'),(1420,2,'09350773','guizado zamora jose',1173,'DIRIS LIMA SUR','2022-08-12 08:43:25.2327892'),(1421,2,'76057001','becerra vergara jorge',1174,'DIRIS LIMA SUR','2022-08-12 08:45:30.6118649'),(1422,2,'41433393','carhuas ccoello edwi',1175,'DIRIS LIMA SUR','2022-08-12 15:29:55.7478706'),(1423,2,'44807422','esquivel marticorena martha',1176,'DIRIS LIMA SUR','2022-08-12 15:31:52.6389343'),(1424,2,'48070928','quispe huarachi ricardo',1177,'DIRIS LIMA SUR','2022-08-12 15:34:07.3205336');
/*!40000 ALTER TABLE `tap_funcionario` ENABLE KEYS */;
UNLOCK TABLES;

--
-- Table structure for table `tap_perfil`
--

DROP TABLE IF EXISTS `tap_perfil`;
/*!40101 SET @saved_cs_client     = @@character_set_client */;
/*!50503 SET character_set_client = utf8mb4 */;
CREATE TABLE `tap_perfil` (
  `id` int(11) NOT NULL AUTO_INCREMENT,
  `perfil` varchar(50) DEFAULT NULL,
  `fecha` varchar(50) DEFAULT NULL,
  PRIMARY KEY (`id`)
) ENGINE=InnoDB AUTO_INCREMENT=4 DEFAULT CHARSET=utf8mb4;
/*!40101 SET character_set_client = @saved_cs_client */;

--
-- Dumping data for table `tap_perfil`
--

LOCK TABLES `tap_perfil` WRITE;
/*!40000 ALTER TABLE `tap_perfil` DISABLE KEYS */;
INSERT INTO `tap_perfil` VALUES (1,'Administrador','2020-06-23 10:15:52.0761048'),(2,'Digitador','2020-06-23 11:55:42.4350894'),(3,'Leector','2020-06-23 11:56:02.4186925');
/*!40000 ALTER TABLE `tap_perfil` ENABLE KEYS */;
UNLOCK TABLES;

--
-- Table structure for table `tap_registrovisita`
--

DROP TABLE IF EXISTS `tap_registrovisita`;
/*!40101 SET @saved_cs_client     = @@character_set_client */;
/*!50503 SET character_set_client = utf8mb4 */;
CREATE TABLE `tap_registrovisita` (
  `id` int(11) NOT NULL AUTO_INCREMENT,
  `idfuncionario` int(11) NOT NULL,
  `motivo` varchar(50) DEFAULT NULL,
  `servidor_publico` varchar(50) DEFAULT NULL,
  `area_oficina_sp` varchar(50) DEFAULT NULL,
  `cargo` varchar(50) DEFAULT NULL,
  `fecha_ingreso` varchar(50) DEFAULT NULL,
  `hora_ingreso` varchar(50) DEFAULT NULL,
  `fecha_salida` datetime DEFAULT NULL,
  `hora_salida` varchar(50) DEFAULT NULL,
  `usuario` varchar(50) DEFAULT NULL,
  PRIMARY KEY (`id`),
  KEY `idfuncionario` (`idfuncionario`),
  CONSTRAINT `tap_registrovisita_ibfk_1` FOREIGN KEY (`idfuncionario`) REFERENCES `tap_funcionario` (`id`)
) ENGINE=InnoDB AUTO_INCREMENT=2326 DEFAULT CHARSET=utf8mb4;
/*!40101 SET character_set_client = @saved_cs_client */;

--
-- Dumping data for table `tap_registrovisita`
--

LOCK TABLES `tap_registrovisita` WRITE;
/*!40000 ALTER TABLE `tap_registrovisita` DISABLE KEYS */;
INSERT INTO `tap_registrovisita` VALUES (2022,1130,'TRAMITE ','OSCAR BAZALAR ','CORDINADOR','DIRIS LIMA SUR','12-11-2020','15:30:23 PM',NULL,NULL,'NARCISO ANTONIO BAUTISTA SALAS'),(2023,1131,'TRAMITE ','ING MIYACHIRO','JEFE ABASTECIMIENTO','DIRIS LIMA SUR','13-11-2020','15:48:53 PM','2020-11-13 00:00:00','3:49 PM','LUIS QUISPE LAURA'),(2024,1132,'coordimaciom','DR HERNAN RAZO QUISPE','JEFE DE LABORATORIO','DIRIS LIMA SUR','16-11-2020','16:05:20 PM','2020-11-16 00:00:00','4:15 PM','JOSE LUIS PALACIN INGA'),(2025,1132,'TRAMITE ','SHEYLA','TEC ADFMINISTRATIVO','DIRIS LIMA SUR','18-11-2020','09:25:35 AM',NULL,NULL,'JORGE TORREJON MARTINEZ'),(2026,1132,'TRAMITE ','MICHELL CHUMPITAZ','TESORERIA','DIRIS LIMA SUR','18-11-2020','10:04:32 AM',NULL,NULL,'JORGE TORREJON MARTINEZ'),(2027,1132,'TRAMITE ','HECTOR CHUMPITAZ','TEC ADMINISTRATIVO','DIRIS LIMA SUR','18-11-2020','10:07:50 AM',NULL,NULL,'JORGE TORREJON MARTINEZ'),(2028,1132,'TRAMITE ','SR ALZAMORA','TEC ADFMINISTRATIVO','DIRIS LIMA SUR','26-11-2020','08:31:24 AM',NULL,NULL,'JORGE TORREJON MARTINEZ'),(2030,1138,'TRAMITE ','LOGITICA ','JEFE ABASTECIMIENTO','DIRIS LIMA SUR','27-11-2020','17:40:37 PM',NULL,NULL,'NARCISO ANTONIO BAUTISTA SALAS'),(2032,1138,'coordimaciom','ING MERY','JEFA ','DIRIS LIMA SUR','04-12-2020','09:25:14 AM',NULL,NULL,'JORGE TORREJON MARTINEZ'),(2033,1138,'coordimaciom','ING MERY','JEFA DE OIT','DIRIS LIMA SUR','04-12-2020','09:29:55 AM',NULL,NULL,'JORGE TORREJON MARTINEZ'),(2034,1138,'TRAMITE ','ING MIYACHIRO','JEFE DE LOGISTICA','DIRIS LIMA SUR','04-12-2020','09:33:32 AM',NULL,NULL,'JORGE TORREJON MARTINEZ'),(2035,1138,'trabajos de modificacio','DR RENZO','JEFE DE LABORATORIO','DIRIS LIMA SUR','04-12-2020','10:00:27 AM',NULL,NULL,'JORGE TORREJON MARTINEZ'),(2036,1138,'trabajos de modificacio','DR HERNAN RAZO QUISPE','JEFE DE LABORATORIO','DIRIS LIMA SUR','04-12-2020','10:03:05 AM',NULL,NULL,'JORGE TORREJON MARTINEZ'),(2037,1138,'trabajos de modificacio','DR HERNAN RAZO QUISPE','JEFE DE LABORATORIO','DIRIS LIMA SUR','04-12-2020','10:10:02 AM',NULL,NULL,'JORGE TORREJON MARTINEZ'),(2038,1138,'trabajos de modificacio','DR HERNAN RAZO QUISPE','JEFE DE LABORATORIO','DIRIS LIMA SUR','04-12-2020','10:13:56 AM',NULL,NULL,'JORGE TORREJON MARTINEZ'),(2039,1138,'TRAMITE ','NOELIA','TEC ADMINISTRATIVO','DIRIS LIMA SUR','04-12-2020','10:16:26 AM',NULL,NULL,'JORGE TORREJON MARTINEZ'),(2040,1138,'coordimaciom','ING MERY','JEFA DE OIT','DIRIS LIMA SUR','04-12-2020','10:18:47 AM',NULL,NULL,'JORGE TORREJON MARTINEZ'),(2041,1138,'TRAMITE ','ING RODRIGUEZ','TEC ADFMINISTRATIVO  SSGG','DIRIS LIMA SUR','04-12-2020','10:23:17 AM',NULL,NULL,'JORGE TORREJON MARTINEZ'),(2042,1138,'TRAMITE ','LUIS MANTILLA','TEC ADMINISTRATIVO','DIRIS LIMA SUR','04-12-2020','10:29:41 AM',NULL,NULL,'JORGE TORREJON MARTINEZ'),(2043,1138,'TRAMITE ','ING NEGRETE ','JEFE DE SERVICIOS GENERALES','DIRIS LIMA SUR','04-12-2020','10:32:59 AM',NULL,NULL,'JORGE TORREJON MARTINEZ'),(2044,1138,'TRAMITE ','CARLOS TORRES','TEC ADMINISTRATIVO','DIRIS LIMA SUR','04-12-2020','10:53:15 AM',NULL,NULL,'JORGE TORREJON MARTINEZ'),(2045,1138,'rendicion de caja chica','SR GREGORIO','TEC ADMINISTRATIVO ECONOMIA','DIRIS LIMA SUR','04-12-2020','12:35:55 PM',NULL,NULL,'JORGE TORREJON MARTINEZ'),(2046,1138,'coordimaciom','PATRICIA  JARA','DIRECTORA ADMINISTRATIVA','DIRIS LIMA SUR','04-12-2020','14:29:57 PM',NULL,NULL,'JORGE TORREJON MARTINEZ'),(2047,1137,'PRUEBA','PRUEBA','PRUEBA','DIRIS LIMA SUR','04-12-2020','16:37:27 PM',NULL,NULL,'JORGE TORREJON MARTINEZ'),(2048,1154,'PRUEBA','PRUEBA','PRUEBA','DIRIS LIMA SUR','04-12-2020','16:38:10 PM',NULL,NULL,'JORGE TORREJON MARTINEZ'),(2049,1155,'TRAMITE ','LOGISTICA','LOGISTICA','DIRIS LIMA SUR','04-12-2020','16:39:38 PM',NULL,NULL,'JORGE TORREJON MARTINEZ'),(2050,1155,'coordimaciom','ELIZABETH MURO','TEC ADMINISTRATIVO','DIRIS LIMA SUR','05-01-2021','08:45:08 AM',NULL,NULL,'JORGE TORREJON MARTINEZ'),(2051,1155,'capacitacion de personal','DR HERNAN RAZO QUISPE','JEFE DE LABORATORIO','DIRIS LIMA SUR','05-01-2021','08:58:14 AM',NULL,NULL,'JORGE TORREJON MARTINEZ'),(2101,1200,'TRAMITE','ANGELICA PEÐALOZA','SERUMS','TRABAJADOR','30/09/2021','11:50:00 a.ám.',NULL,NULL,'DAVID HUAYTA VARGAS'),(2102,1201,'TRAMITE','ANGELICA PEÐALOZA','SERUMS','TRABAJADOR','30/09/2021','11:50:00 a.ám.',NULL,NULL,'DAVID HUAYTA VARGAS'),(2103,1202,'TRAMITE','ANGELICA PEÐALOZA','SERUMS','TRABAJADOR','30/09/2021','11:50:00 a.ám.',NULL,NULL,'DAVID HUAYTA VARGAS'),(2104,1203,'TRAMITE','ANGELICA PEÐALOZA','SERUMS','TRABAJADOR','30/09/2021','11:50:00 a.ám.',NULL,NULL,'DAVID HUAYTA VARGAS'),(2105,1204,'TRAMITE','VANESA YSAGUIRRE','ET-ABASTECIMIENTO','TRABAJADOR','30/09/2021','11:50:00 a.ám.',NULL,NULL,'DAVID HUAYTA VARGAS'),(2106,1205,'TRAMITE','VANESA YSAGUIRRE','ET-ABASTECIMIENTO','TRABAJADOR','30/09/2021','12:25:00 p.ám.',NULL,NULL,'DAVID HUAYTA VARGAS'),(2107,1206,'TRAMITE','ANGELICA PEÐALOZA','ET-RRHH','TRABAJADOR','16/10/2021','08:22:00 a.ám.',NULL,NULL,'DAVID HUAYTA VARGAS'),(2108,1207,'TRAMITE','ANGELICA PEÐALOZA','ET-RRHH','TRABAJADOR','16/10/2021','09:44:00 a.ám.',NULL,NULL,'DAVID HUAYTA VARGAS'),(2109,1208,'TRAMITE','LUIS MANTILLA','ET-ABASTECIMIENTO','TRABAJADOR','16/10/2021','09:50:00 a.ám.',NULL,NULL,'DAVID HUAYTA VARGAS'),(2110,1209,'TRAMITE','ANGELICA PEÐALOZA','ET-RRHH','TRABAJADOR','16/10/2021','10:00:00 a.ám.',NULL,NULL,'DAVID HUAYTA VARGAS'),(2111,1210,'TRAMITE','LUIS MANTILLA','ET-ABASTECIMIENTO','TRABAJADOR','16/10/2021','10:10:00 a.ám.',NULL,NULL,'DAVID HUAYTA VARGAS'),(2112,1211,'TRAMITE','LUIS MANTILLA','ET-ABASTECIMIENTO','TRABAJADOR','16/10/2021','10:12:00 a.ám.',NULL,NULL,'DAVID HUAYTA VARGAS'),(2113,1212,'TRAMITE','SELENE PEVES','ET-ABASTECIMIENTO','TRABAJADOR','16/10/2021','10:25:00 a.ám.',NULL,NULL,'DAVID HUAYTA VARGAS'),(2114,1213,'TRAMITE','ANGELICA PEÐALOZA','ET-RRHH','TRABAJADOR','16/10/2021','10:45:00 a.ám.',NULL,NULL,'DAVID HUAYTA VARGAS'),(2115,1214,'TRAMITE','SELENE PEVES','ET-ABASTECIMIENTO','TRABAJADOR','16/10/2021','10:50:00 a.ám.',NULL,NULL,'DAVID HUAYTA VARGAS'),(2116,1215,'TRAMITE','SELENE PEVES','ET-ABASTECIMIENTO','TRABAJADOR','16/10/2021','11:00:00 a.ám.',NULL,NULL,'DAVID HUAYTA VARGAS'),(2117,1216,'TRAMITE',NULL,NULL,NULL,'16/10/2021','11:10:00 a.ám.',NULL,NULL,'DAVID HUAYTA VARGAS'),(2118,1217,'TRAMITE','GAMBOA',NULL,NULL,'16/10/2021','09:36:00 a.ám.',NULL,NULL,'DAVID HUAYTA VARGAS'),(2119,1218,'TRAMITE','DR HERNAN RAZO QUISPE','ET-LABORATORIO','JEFE DE LABORATORIO','20/10/2021','09:36:00 a.ám.',NULL,NULL,'DAVID HUAYTA VARGAS'),(2120,1219,'TRAMITE','DR HERNAN RAZO QUISPE','ET-LABORATORIO','JEFE DE LABORATORIO','21/10/2021','08:22:00 a.ám.',NULL,NULL,'DAVID HUAYTA VARGAS'),(2121,1220,'TRAMITE','SELENE PEVES','ET-ABASTECIMIENTO','JEFE DE ADQUISICIONES','21/10/2021','09:44:00 a.ám.',NULL,NULL,'DAVID HUAYTA VARGAS'),(2122,1221,'TRAMITE','DR TONY LUMBRERAS','ET-ABASTECIMIENTO','ASESOR LEGAL','21/10/2021','09:50:00 a.ám.',NULL,NULL,'DAVID HUAYTA VARGAS'),(2123,1222,'TRAMITE','DR RIEGA','DIRECCION ADMINISTRATIVA','ADMINISTRADOR','21/10/2021','10:00:00 a.ám.',NULL,NULL,'DAVID HUAYTA VARGAS'),(2124,1223,'TRAMITE','DR RIEGA','DIRECCION ADMINISTRATIVA','ADMINISTRADOR','21/10/2021','10:10:00 a.ám.',NULL,NULL,'DAVID HUAYTA VARGAS'),(2125,1224,'TRAMITE','DR RIEGA','DIRECCION ADMINISTRATIVA','ADMINISTRADOR','21/10/2021','10:12:00 a.ám.',NULL,NULL,'DAVID HUAYTA VARGAS'),(2126,1225,'TRAMITE','LUIS GIUDICHI','ET-TECNOLOGIA DE LA INFORMACIO','SOPORTE TECNICO','21/10/2021','10:25:00 a.ám.',NULL,NULL,'DAVID HUAYTA VARGAS'),(2127,1226,'TRAMITE','SELENE PEVES','ET-ABASTECIMIENTO','JEFE DE ADQUISICIONES','21/10/2021','10:45:00 a.ám.',NULL,NULL,'DAVID HUAYTA VARGAS'),(2128,1227,'TRAMITE','SELENE PEVES','ET-ABASTECIMIENTO','JEFE DE ADQUISICIONES','21/10/2021','10:50:00 a.ám.',NULL,NULL,'DAVID HUAYTA VARGAS'),(2129,1228,'TRAMITE','DR HERNAN RAZO QUISPE','ET-LABORATORIO','JEFE DE LABORATORIO','21/10/2021','11:00:00 a.ám.',NULL,NULL,'DAVID HUAYTA VARGAS'),(2130,1229,'TRAMITE','SELENE PEVES','ET-ABASTECIMIENTO','JEFE DE ADQUISICIONES','21/10/2021','11:10:00 a.ám.',NULL,NULL,'DAVID HUAYTA VARGAS'),(2131,1230,'TRAMITE','VANESA YSAGUIRRE','ET-ABASTECIMIENTO','TRABAJADOR','23/10/2021','10:12:00 a.ám.',NULL,NULL,'DAVID HUAYTA VARGAS'),(2132,1231,'TRAMITE','LUIS MANTILLA','ET-ABASTECIMIENTO','TRABAJADOR','23/10/2021','10:25:00 a.ám.',NULL,NULL,'DAVID HUAYTA VARGAS'),(2133,1232,'TRAMITE','LUIS MANTILLA','ET-ABASTECIMIENTO','TRABAJADOR','23/10/2021','10:45:00 a.ám.',NULL,NULL,'DAVID HUAYTA VARGAS'),(2134,1233,'TRAMITE','LUIS MANTILLA','ET-ABASTECIMIENTO','TRABAJADOR','23/10/2021','10:50:00 a.ám.',NULL,NULL,'DAVID HUAYTA VARGAS'),(2135,1234,'TRAMITE','LUIS GUDICHI','ET-TECNOLOGIA DE LA INFORMACIO','TRABAJADOR','23/10/2021','11:00:00 a.ám.',NULL,NULL,'DAVID HUAYTA VARGAS'),(2136,1235,'TRAMITE','RAQUEL LENA','SIS','TRABAJADOR','23/10/2021','11:10:00 a.ám.',NULL,NULL,'DAVID HUAYTA VARGAS'),(2137,1236,'TRAMITE','LUIS MANTILLA','ET-ABASTECIMIENTO','TRABAJADOR','23/10/2021','11:30:00 a.ám.',NULL,NULL,'DAVID HUAYTA VARGAS'),(2138,1237,'TRAMITE','LUIS MANTILLA','ET-ABASTECIMIENTO','TRABAJADOR','23/10/2021','11:30:00 a.ám.',NULL,NULL,'DAVID HUAYTA VARGAS'),(2139,1238,'TRAMITE','LUIS MANTILLA','ET-ABASTECIMIENTO','TRABAJADOR','23/10/2021','11:30:00 a.ám.',NULL,NULL,'DAVID HUAYTA VARGAS'),(2140,1239,'TRAMITE','LUIS MANTILLA','ET-ABASTECIMIENTO','TRABAJADOR','23/10/2021','11:30:00 a.ám.',NULL,NULL,'DAVID HUAYTA VARGAS'),(2141,1240,'TRAMITE','LUIS MANTILLA','ET-ABASTECIMIENTO','TRABAJADOR','23/10/2021','11:30:00 a.ám.',NULL,NULL,'DAVID HUAYTA VARGAS'),(2142,1241,'TRAMITE','HERNAN RANTES','ET-ESTADISTICA','TRABAJADOR','23/10/2021','11:30:00 a.ám.',NULL,NULL,'DAVID HUAYTA VARGAS'),(2143,1242,'TRAMITE','HERNAN RANTES','ET-ESTADISTICA','TRABAJADOR','23/10/2021','11:30:00 a.ám.',NULL,NULL,'DAVID HUAYTA VARGAS'),(2144,1243,'TRAMITE','HERNAN RANTES','ET-ESTADISTICA','TRABAJADOR','23/10/2021','11:30:00 a.ám.',NULL,NULL,'DAVID HUAYTA VARGAS'),(2145,1244,'TRAMITE','HERNAN RANTES','ET-ESTADISTICA','TRABAJADOR','23/10/2021','11:30:00 a.ám.',NULL,NULL,'DAVID HUAYTA VARGAS'),(2146,1245,'TRAMITE','HERNAN RANTES','ET-ESTADISTICA','TRABAJADOR','23/10/2021','11:30:00 a.ám.',NULL,NULL,'DAVID HUAYTA VARGAS'),(2147,1246,'TRAMITE','HERNAN RANTES','ET-ESTADISTICA','TRABAJADOR','23/10/2021','11:30:00 a.ám.',NULL,NULL,'DAVID HUAYTA VARGAS'),(2148,1247,'TRAMITE',NULL,NULL,'TRABAJADOR','23/10/2021','11:30:00 a.ám.',NULL,NULL,'DAVID HUAYTA VARGAS'),(2149,1248,'TRAMITE',NULL,NULL,'TRABAJADOR','23/10/2021','11:30:00 a.ám.',NULL,NULL,'DAVID HUAYTA VARGAS'),(2150,1249,'TRAMITE','LUIS GIUDICHI','ET-TECNOLOGIA DE LA INFORMACIO','TRABAJADOR','23/10/2021','11:50:00 a.ám.',NULL,NULL,'DAVID HUAYTA VARGAS'),(2151,1250,'TRAMITE','MAYCOL CHUMPITAZ','ET-TESORERIA','TRABAJADOR','23/10/2021','11:50:00 a.ám.',NULL,NULL,'DAVID HUAYTA VARGAS'),(2152,1251,'TRAMITE',NULL,NULL,'TRABAJADOR','23/10/2021','11:50:00 a.ám.',NULL,NULL,'DAVID HUAYTA VARGAS'),(2153,1252,'TRAMITE',NULL,NULL,'TRABAJADOR','23/10/2021','11:50:00 a.ám.',NULL,NULL,'DAVID HUAYTA VARGAS'),(2154,1253,'TRAMITE',NULL,NULL,'TRABAJADOR','23/10/2021','11:50:00 a.ám.',NULL,NULL,'DAVID HUAYTA VARGAS'),(2155,1254,'TRAMITE','FRANCISCO DIAS',NULL,'TRABAJADOR','23/10/2021','11:50:00 a.ám.',NULL,NULL,'DAVID HUAYTA VARGAS'),(2156,1255,'TRAMITE',NULL,'ET-ABASTECIMIENTO','TRABAJADOR','19/11/2021','08:20:00 a.ám.',NULL,NULL,'DAVID HUAYTA VARGAS'),(2157,1256,'TRAMITE',NULL,'ET-ECONOMIA','TRABAJADOR','19/11/2021','08:25:00 a.ám.',NULL,NULL,'DAVID HUAYTA VARGAS'),(2158,1257,'TRAMITE',NULL,'ET-ABASTECIMIENTO','TRABAJADOR','19/11/2021','08:28:00 a.ám.',NULL,NULL,'DAVID HUAYTA VARGAS'),(2159,1258,'TRAMITE',NULL,'ET-TESORERIA','TRABAJADOR','19/11/2021','08:30:00 a.ám.',NULL,NULL,'DAVID HUAYTA VARGAS'),(2160,1259,'TRAMITE',NULL,'ET-ABASTECIMIENTO','TRABAJADOR','19/11/2021','08:45:00 a.ám.',NULL,NULL,'DAVID HUAYTA VARGAS'),(2161,1260,'TRAMITE',NULL,'ET-RRHH','TRABAJADOR','19/11/2021','08:50:00 a.ám.',NULL,NULL,'DAVID HUAYTA VARGAS'),(2162,1261,'TRAMITE',NULL,'ET-ABASTECIMIENTO','TRABAJADOR','19/11/2021','08:54:00 a.ám.',NULL,NULL,'DAVID HUAYTA VARGAS'),(2163,1262,'TRAMITE',NULL,'ET-ECONOMIA','TRABAJADOR','19/11/2021','10:45:00 a.ám.',NULL,NULL,'DAVID HUAYTA VARGAS'),(2164,1263,'TRAMITE',NULL,'ET-ABASTECIMIENTO','TRABAJADOR','19/11/2021','11:27:00 a.ám.',NULL,NULL,'DAVID HUAYTA VARGAS'),(2165,1264,'TRAMITE',NULL,'ET-ECONOMIA','TRABAJADOR','19/11/2021','11:29:00 a.ám.',NULL,NULL,'DAVID HUAYTA VARGAS'),(2166,1265,'TRAMITE',NULL,'ET-ABASTECIMIENTO','TRABAJADOR','19/11/2021','11:35:00 a.ám.',NULL,NULL,'DAVID HUAYTA VARGAS'),(2167,1266,'TRAMITE',NULL,'ET-RRHH','TRABAJADOR','19/11/2021','11:40:00 a.ám.',NULL,NULL,'DAVID HUAYTA VARGAS'),(2168,1267,'TRAMITE','SELENE PEVES','ET-ABASTECIMIENTO','TRABAJADOR','23/11/2021','10:25:00 a.ám.',NULL,NULL,'DAVID HUAYTA VARGAS'),(2169,1268,'TRAMITE','ANTONIO HURTADO','ET-ABASTECIMIENTO','TRABAJADOR','23/11/2021','10:35:00 a.ám.',NULL,NULL,'DAVID HUAYTA VARGAS'),(2170,1269,'TRAMITE','CARMEN QUISPE','SERUMS','TRABAJADOR','23/11/2021','10:40:00 a.ám.',NULL,NULL,'DAVID HUAYTA VARGAS'),(2171,1270,'TRAMITE','JULIA GONZALES','LEGAJO','TRABAJADOR','23/11/2021','11:20:00 a.ám.',NULL,NULL,'DAVID HUAYTA VARGAS'),(2172,1271,'TRAMITE','LUIS MANTILLA','ET-ABASTECIMIENTO','TRABAJADOR','23/11/2021','11:25:00 a.ám.',NULL,NULL,'DAVID HUAYTA VARGAS'),(2173,1272,'TRAMITE','SELENE PEVES','ET-ABASTECIMIENTO','TRABAJADOR','23/11/2021','11:48:00 a.ám.',NULL,NULL,'DAVID HUAYTA VARGAS'),(2174,1273,'TRAMITE','ANTONIO HURTADO','ET-ABASTECIMIENTO','TRABAJADOR','23/11/2021','11:55:00 a.ám.',NULL,NULL,'DAVID HUAYTA VARGAS'),(2175,1274,'TRAMITE','ALVARO GONZALES','ET-TECNOLOGIA DE LA INFORMACIO','TRABAJADOR','23/11/2021','12:33:00 p.ám.',NULL,NULL,'DAVID HUAYTA VARGAS'),(2176,1275,'TRAMITE',NULL,NULL,'TRABAJADOR','23/11/2021','12:35:00 p.ám.',NULL,NULL,'DAVID HUAYTA VARGAS'),(2177,1276,'TRAMITE','ROGER RODRIGUEZ','ET-ABASTECIMIENTO','TRABAJADOR','23/11/2021','12:40:00 p.ám.',NULL,NULL,'DAVID HUAYTA VARGAS'),(2178,1277,'TRAMITE',NULL,NULL,'TRABAJADOR','23/11/2021','12:45:00 p.ám.',NULL,NULL,'DAVID HUAYTA VARGAS'),(2179,1278,'TRAMITE','SELENE PEVES','ET-ABASTECIMIENTO','TRABAJADOR','23/11/2021','02:10:00 p.ám.',NULL,NULL,'DAVID HUAYTA VARGAS'),(2180,1279,'TRAMITE','VERONICA CASTILLO','ET-ABASTECIMIENTO','TRABAJADOR','23/11/2021','02:28:00 p.ám.',NULL,NULL,'DAVID HUAYTA VARGAS'),(2181,1280,'TRAMITE','DRA GENOVEVA GOMEZ','ET-ASESORIA JURIDICA','TRABAJADOR','23/11/2021','02:33:00 p.ám.',NULL,NULL,'DAVID HUAYTA VARGAS'),(2182,1281,'TRAMITE','LUIS VILLARUBIO','ET-ABASTECIMIENTO','TRABAJADOR','23/11/2021','02:55:00 p.ám.',NULL,NULL,'DAVID HUAYTA VARGAS'),(2183,1282,'TRAMITE',NULL,NULL,'TRABAJADOR','23/11/2021','02:57:00 p.ám.',NULL,NULL,'DAVID HUAYTA VARGAS'),(2184,1283,'TRAMITE','NOELIA SUYO','CONTROL PREVIO','TRABAJADOR','23/11/2021','02:59:00 p.ám.',NULL,NULL,'DAVID HUAYTA VARGAS'),(2185,1284,'TRAMITE','SELENE PEVES','ET-ABASTECIMIENTO','TRABAJADOR','23/11/2021','03:03:00 p.ám.',NULL,NULL,'DAVID HUAYTA VARGAS'),(2186,1285,'TRAMITE','VERONICA CASTILLO','ET-ABASTECIMIENTO','TRABAJADOR','23/11/2021','03:10:00 p.ám.',NULL,NULL,'DAVID HUAYTA VARGAS'),(2187,1286,'TRAMITE',NULL,NULL,'TRABAJADOR','23/11/2021','03:39:00 p.ám.',NULL,NULL,'DAVID HUAYTA VARGAS'),(2188,1287,'TRAMITE','LUIS VILLARUBIO','ET-ABASTECIMIENTO','TRABAJADOR','23/11/2021','03:43:00 p.ám.',NULL,NULL,'DAVID HUAYTA VARGAS'),(2189,1288,'TRAMITE','DIEGO JARA','ET-ABASTECIMIENTO','TRABAJADOR','29/12/2021','08:20:00 a.ám.',NULL,NULL,'DAVID HUAYTA VARGAS'),(2190,1289,'TRAMITE','LUIS MANTILLA','ET-ABASTECIMIENTO','TRABAJADOR','29/12/2021','08:25:00 a.ám.',NULL,NULL,'DAVID HUAYTA VARGAS'),(2191,1290,'TRAMITE','MIRIAN GARAY','ET-ASESORIA JURIDICA','TRABAJADOR','29/12/2021','08:28:00 a.ám.',NULL,NULL,'DAVID HUAYTA VARGAS'),(2192,1291,'TRAMITE','VANESA YSAGUIRRE','ET-ABASTECIMIENTO','TRABAJADOR','29/12/2021','08:30:00 a.ám.',NULL,NULL,'DAVID HUAYTA VARGAS'),(2193,1292,'TRAMITE','VERONICA CASTILLO','ET-ABASTECIMIENTO','TRABAJADOR','29/12/2021','08:45:00 a.ám.',NULL,NULL,'DAVID HUAYTA VARGAS'),(2194,1293,'TRAMITE','SELENE PEVES','ET-ABASTECIMIENTO','TRABAJADOR','29/12/2021','08:50:00 a.ám.',NULL,NULL,'DAVID HUAYTA VARGAS'),(2195,1294,'TRAMITE','DR RIEGA','DIRECCION ADMINISTRATIVA','TRABAJADOR','29/12/2021','08:54:00 a.ám.',NULL,NULL,'DAVID HUAYTA VARGAS'),(2196,1295,'TRAMITE','DRA GENOVEVA GOMEZ','ET-ASESORIA JURIDICA','TRABAJADOR','29/12/2021','09:17:00 a.ám.',NULL,NULL,'DAVID HUAYTA VARGAS'),(2197,1296,'TRAMITE','ANTONIO HURTADO','ET-ABASTECIMIENTO','TRABAJADOR','29/12/2021','09:24:00 a.ám.',NULL,NULL,'DAVID HUAYTA VARGAS'),(2198,1297,'TRAMITE','FRANCISCO SANTOS','PATRIMONIO','TRABAJADOR','29/12/2021','09:32:00 a.ám.',NULL,NULL,'DAVID HUAYTA VARGAS'),(2199,1298,'TRAMITE','LUIS MANTILLA','ET-ABASTECIMIENTO','TRABAJADOR','29/12/2021','09:45:00 a.ám.',NULL,NULL,'DAVID HUAYTA VARGAS'),(2200,1299,'TRAMITE',NULL,NULL,'TRABAJADOR','29/12/2021','09:50:00 a.ám.',NULL,NULL,'DAVID HUAYTA VARGAS'),(2201,1300,'TRAMITE','CARMEN QUISPE',NULL,'TRABAJADOR','29/12/2021','10:45:00 a.ám.',NULL,NULL,'DAVID HUAYTA VARGAS'),(2202,1301,'TRAMITE','VERONICA CASTILLO','ET-ABASTECIMIENTO','TRABAJADOR','29/12/2021','11:27:00 a.ám.',NULL,NULL,'DAVID HUAYTA VARGAS'),(2203,1302,'TRAMITE','ANTONIO HURTADO','ET-ABASTECIMIENTO','TRABAJADOR','29/12/2021','11:29:00 a.ám.',NULL,NULL,'DAVID HUAYTA VARGAS'),(2204,1303,'TRAMITE','MIGUEL CARRASCAL','ET-ABASTECIMIENTO','TRABAJADOR','29/12/2021','11:35:00 a.ám.',NULL,NULL,'DAVID HUAYTA VARGAS'),(2205,1304,'TRAMITE','DR HERNAN RAZO QUISPE','ET-LABORATORIO','TRABAJADOR','29/12/2021','11:40:00 a.ám.',NULL,NULL,'DAVID HUAYTA VARGAS'),(2206,1305,'TRAMITE',NULL,NULL,'TRABAJADOR','29/12/2021','11:54:00 a.ám.',NULL,NULL,'DAVID HUAYTA VARGAS'),(2207,1306,'TRAMITE','SELENE PEVES','ET-ABASTECIMIENTO','TRABAJADOR','29/12/2021','12:00:00 p.ám.',NULL,NULL,'DAVID HUAYTA VARGAS'),(2208,1307,'TRAMITE','VERONICA CASTILLO','ET-ABASTECIMIENTO','TRABAJADOR','29/12/2021','12:00:00 p.ám.',NULL,NULL,'DAVID HUAYTA VARGAS'),(2209,1308,'TRAMITE','ANTONIO HURTADO','ET-ABASTECIMIENTO','TRABAJADOR','29/12/2021','03:30:00 p.ám.',NULL,NULL,'DAVID HUAYTA VARGAS'),(2210,1309,'TRAMITE','TONNY LUMBRERAS','ET-ABASTECIMIENTO','TRABAJADOR','29/12/2021','03:40:00 p.ám.',NULL,NULL,'DAVID HUAYTA VARGAS'),(2211,1310,'TRAMITE','ANTONIO HURTADO','ET-ABASTECIMIENTO','TRABAJADOR','29/12/2021','03:50:00 p.ám.',NULL,NULL,'DAVID HUAYTA VARGAS'),(2212,1311,'TRAMITE',NULL,NULL,'TRABAJADOR','29/12/2021','04:00:00 p.ám.',NULL,NULL,'DAVID HUAYTA VARGAS'),(2213,1312,'TRAMITE','LUIS MANTILLA','ET-ABASTECIMIENTO','TRABAJADOR','29/12/2021','04:00:00 p.ám.',NULL,NULL,'DAVID HUAYTA VARGAS'),(2214,1313,'TRAMITE','LUIS MANTILLA','ET-ABASTECIMIENTO','TRABAJADOR','29/12/2021','04:00:00 p.ám.',NULL,NULL,'DAVID HUAYTA VARGAS'),(2215,1314,'TRAMITE','LUIS MANTILLA','ET-ABASTECIMIENTO','TRABAJADOR','29/12/2021','04:00:00 p.ám.',NULL,NULL,'DAVID HUAYTA VARGAS'),(2216,1315,'TRAMITE','LUIS MANTILLA','ET-ABASTECIMIENTO','TRABAJADOR','29/12/2021','04:00:00 p.ám.',NULL,NULL,'DAVID HUAYTA VARGAS'),(2217,1316,'TRAMITE','LUIS MANTILLA','ET-ABASTECIMIENTO','TRABAJADOR','27/08/2021','08:20:00 a.ám.',NULL,NULL,'DAVID HUAYTA VARGAS'),(2218,1317,'TRAMITE',NULL,NULL,'TRABAJADOR','27/08/2021','08:25:00 a.ám.',NULL,NULL,'DAVID HUAYTA VARGAS'),(2219,1318,'TRAMITE','ANI FERNANDEZ','ET-ABASTECIMIENTO','TRABAJADOR','27/08/2021','08:28:00 a.ám.',NULL,NULL,'DAVID HUAYTA VARGAS'),(2220,1319,'TRAMITE',NULL,NULL,'TRABAJADOR','27/08/2021','08:30:00 a.ám.',NULL,NULL,'DAVID HUAYTA VARGAS'),(2221,1320,'TRAMITE','FRANCISCO DIAS','LEGAJO','TRABAJADOR','27/08/2021','08:45:00 a.ám.',NULL,NULL,'DAVID HUAYTA VARGAS'),(2222,1321,'TRAMITE','ANI FERNANDEZ','ET-ABASTECIMIENTO','TRABAJADOR','27/08/2021','08:50:00 a.ám.',NULL,NULL,'DAVID HUAYTA VARGAS'),(2223,1322,'TRAMITE','MARGARITA RAMIREZ','ET-MANTENIMIENTO','TRABAJADOR','27/08/2021','08:54:00 a.ám.',NULL,NULL,'DAVID HUAYTA VARGAS'),(2224,1323,'TRAMITE','NOELIA SUYO','CONTROL PREVIO','TRABAJADOR','27/08/2021','09:17:00 a.ám.',NULL,NULL,'DAVID HUAYTA VARGAS'),(2225,1324,'TRAMITE','ANI FERNANDEZ','ET-ABASTECIMIENTO','TRABAJADOR','27/08/2021','09:24:00 a.ám.',NULL,NULL,'DAVID HUAYTA VARGAS'),(2226,1325,'TRAMITE','CARMEN QUISPE','SERUMS','TRABAJADOR','27/08/2021','09:32:00 a.ám.',NULL,NULL,'DAVID HUAYTA VARGAS'),(2227,1326,'TRAMITE','ANGELICA PEÐALOZA','SERUMS','TRABAJADOR','27/08/2021','09:45:00 a.ám.',NULL,NULL,'DAVID HUAYTA VARGAS'),(2228,1327,'TRAMITE','FRANCISCO DIAS','LEGAJO','TRABAJADOR','27/08/2021','09:50:00 a.ám.',NULL,NULL,'DAVID HUAYTA VARGAS'),(2229,1328,'TRAMITE','ANI FERNANDEZ','ET-ABASTECIMIENTO','TRABAJADOR','27/08/2021','10:45:00 a.ám.',NULL,NULL,'DAVID HUAYTA VARGAS'),(2230,1329,'TRAMITE','ANGELICA PEÐALOZA','SERUMS','TRABAJADOR','27/08/2021','11:27:00 a.ám.',NULL,NULL,'DAVID HUAYTA VARGAS'),(2231,1330,'TRAMITE','ANGELICA PEÐALOZA','SERUMS','TRABAJADOR','27/08/2021','11:29:00 a.ám.',NULL,NULL,'DAVID HUAYTA VARGAS'),(2232,1331,'TRAMITE','ANI FERNANDEZ','ET-ABASTECIMIENTO','TRABAJADOR','27/08/2021','11:35:00 a.ám.',NULL,NULL,'DAVID HUAYTA VARGAS'),(2233,1332,'TRAMITE','LUIS PINEDA',NULL,'TRABAJADOR','27/08/2021','11:40:00 a.ám.',NULL,NULL,'DAVID HUAYTA VARGAS'),(2234,1333,'TRAMITE','ANGELICA PEÐALOZA','SERUMS','TRABAJADOR','27/08/2021','11:54:00 a.ám.',NULL,NULL,'DAVID HUAYTA VARGAS'),(2235,1334,'TRAMITE','ANI FERNANDEZ','ET-ABASTECIMIENTO','TRABAJADOR','27/08/2021','12:00:00 p.ám.',NULL,NULL,'DAVID HUAYTA VARGAS'),(2236,1335,'TRAMITE','ANI FERNANDEZ','ET-ABASTECIMIENTO','TRABAJADOR','27/08/2021','12:00:00 p.ám.',NULL,NULL,'DAVID HUAYTA VARGAS'),(2237,1336,'TRAMITE','ANGELICA PEÐALOZA','SERUMS','TRABAJADOR','27/08/2021','03:30:00 p.ám.',NULL,NULL,'DAVID HUAYTA VARGAS'),(2238,1337,'TRAMITE','ANGELICA PEÐALOZA','SERUMS','TRABAJADOR','27/08/2021','03:40:00 p.ám.',NULL,NULL,'DAVID HUAYTA VARGAS'),(2239,1338,'TRAMITE','ANGELICA PEÐALOZA','SERUMS','TRABAJADOR','27/08/2021','03:50:00 p.ám.',NULL,NULL,'DAVID HUAYTA VARGAS'),(2240,1339,'TRAMITE',NULL,NULL,'TRABAJADOR','27/08/2021','04:00:00 p.ám.',NULL,NULL,'DAVID HUAYTA VARGAS'),(2241,1340,'TRAMITE',NULL,NULL,'TRABAJADOR','27/08/2021','04:00:00 p.ám.',NULL,NULL,'DAVID HUAYTA VARGAS'),(2242,1341,'TRAMITE',NULL,NULL,'TRABAJADOR','27/08/2021','04:20:00 p.ám.',NULL,NULL,'DAVID HUAYTA VARGAS'),(2243,1342,'TRAMITE','LIC OGADIS','SIS','TRABAJADOR','27/08/2021','04:25:00 p.ám.',NULL,NULL,'DAVID HUAYTA VARGAS'),(2244,1347,'N','PRUEBA','PRUEBA','PRUEBA','03-06-2022','15:45:06 PM','2022-03-06 00:00:00','4:01 PM','YOSSHI SALVADOR CONDORI MENDEITA'),(2245,1348,'TREMITE','JORGE TORRES ','JEFE ET TI','DIRIS LIMA SUR','06-06-2022','11:21:19 AM','2022-06-06 00:00:00','11:23 AM','NARCISO ANTONIO BAUTISTA SALAS'),(2246,1216,'tramite','PERCY SULKA','DR.ADMINISTRATIVO','DIRIS LIMA SUR','07-06-2022','10:30:06 AM',NULL,NULL,'IVAN MARIO VASQUEZ UCEDA'),(2247,1348,'tramite','MAHAVI ILLANE','JEFE DE MANTENIMIENTO','DIRIS LIMA SUR','07-06-2022','10:35:49 AM',NULL,NULL,'IVAN MARIO VASQUEZ UCEDA'),(2248,1348,'tramite','PERCY SULKA','DR.ADMINISTRATIVO','DIRIS LIMA SUR','07-06-2022','10:40:58 AM',NULL,NULL,'ESTEBAN DUBERLID ABAD MEJIA'),(2249,1348,'tramite','ESTADISTICAS','JEFE DE ESTADISTICAS','DIRIS LIMA SUR','21-06-2022','08:51:27 AM',NULL,NULL,'ESTEBAN DUBERLID ABAD MEJIA'),(2250,1348,'tramite','QUINTANA','JEFE DE LOGISTICA','DIRIS LIMA SUR','21-06-2022','08:54:15 AM',NULL,NULL,'ESTEBAN DUBERLID ABAD MEJIA'),(2251,1348,'tramite','VERONICA DEL CASTILLO','LOGISTICA E PROGRAMACIO','DIRIS LIMA SUR','21-06-2022','09:26:04 AM',NULL,NULL,'ESTEBAN DUBERLID ABAD MEJIA'),(2252,1348,'tramite','QUINTANA','JEFE DE LOGISTICA','DIRIS LIMA SUR','21-06-2022','09:30:53 AM',NULL,NULL,'ESTEBAN DUBERLID ABAD MEJIA'),(2253,1348,'tramite','MAHAVI','JEFE S.GENERALES','DIRIS LIMA SUR','21-06-2022','09:33:26 AM',NULL,NULL,'ESTEBAN DUBERLID ABAD MEJIA'),(2254,1348,'tramite','MAHAVI','JEFE S.GENERALES','DIRIS LIMA SUR','21-06-2022','09:35:17 AM',NULL,NULL,'ESTEBAN DUBERLID ABAD MEJIA'),(2255,1212,'tramite','QUINTANA','JEFE DE LOGISTICA','DIRIS LIMA SUR','21-06-2022','09:42:22 AM',NULL,NULL,'ESTEBAN DUBERLID ABAD MEJIA'),(2256,1348,'tramite','QUINTANA','JEFE DE LOGISTICA','DIRIS LIMA SUR','21-06-2022','09:44:12 AM',NULL,NULL,'ESTEBAN DUBERLID ABAD MEJIA'),(2257,1348,'tramite','QUINTANA','JEFE DE LOGISTICA','DIRIS LIMA SUR','21-06-2022','09:46:11 AM',NULL,NULL,'ESTEBAN DUBERLID ABAD MEJIA'),(2258,1348,'tramite','CARMEN QUISPE ',' CAPACITACION ','DIRIS LIMA SUR','21-06-2022','10:53:22 AM',NULL,NULL,'ESTEBAN DUBERLID ABAD MEJIA'),(2259,1348,'tramite','JOHANA','LOGISTICA E PROGRAMACIO','DIRIS LIMA SUR','21-06-2022','11:08:12 AM',NULL,NULL,'ESTEBAN DUBERLID ABAD MEJIA'),(2260,1348,'tramite','CARMEN QUISPE','CAPACITACIO','DIRIS LIMA SUR','21-06-2022','11:12:19 AM',NULL,NULL,'ESTEBAN DUBERLID ABAD MEJIA'),(2261,1348,'tramite','VERONICA DEL CASTILLO','LOGISTICA E PROGRAMACIO','DIRIS LIMA SUR','21-06-2022','11:14:11 AM',NULL,NULL,'ESTEBAN DUBERLID ABAD MEJIA'),(2262,1348,'tramite','JEFE DE LEGAFOS','LEGAFOS','DIRIS LIMA SUR','21-06-2022','11:57:45 AM',NULL,NULL,'ESTEBAN DUBERLID ABAD MEJIA'),(2263,1348,'tramite','ANNY','LOGISTICA','DIRIS LIMA SUR','21-06-2022','12:11:05 PM',NULL,NULL,'ESTEBAN DUBERLID ABAD MEJIA'),(2264,1348,'tramite','VERONICA DEL CASTILLO','LOGISTICA E PROGRAMACIO','DIRIS LIMA SUR','21-06-2022','12:24:08 PM',NULL,NULL,'ESTEBAN DUBERLID ABAD MEJIA'),(2265,1348,'tramite','QUINTANA','JEFE DE LOGISTICA','DIRIS LIMA SUR','21-06-2022','14:07:07 PM',NULL,NULL,'ESTEBAN DUBERLID ABAD MEJIA'),(2266,1348,'tramite','CARMEN QUISPE','CERUM','DIRIS LIMA SUR','21-06-2022','14:09:02 PM',NULL,NULL,'ESTEBAN DUBERLID ABAD MEJIA'),(2267,1348,'tramite','QUINTANA','JEFE DE LOGISTICA','DIRIS LIMA SUR','21-06-2022','14:35:34 PM',NULL,NULL,'ESTEBAN DUBERLID ABAD MEJIA'),(2268,1348,'tramite','QUINTANA','JEFE DE LOGISTICA','DIRIS LIMA SUR','21-06-2022','14:37:32 PM',NULL,NULL,'ESTEBAN DUBERLID ABAD MEJIA'),(2269,1348,'tramite','CARMEN QUISPE','CERUM','DIRIS LIMA SUR','21-06-2022','15:33:47 PM',NULL,NULL,'ESTEBAN DUBERLID ABAD MEJIA'),(2270,1348,'tramite','QUINTANA','ABASTECIMIENTO','DIRIS LIMA SUR','21-06-2022','15:55:27 PM',NULL,NULL,'ESTEBAN DUBERLID ABAD MEJIA'),(2271,1348,'tramite','QUINTANA','JEFE DE LOGISTICA','DIRIS LIMA SUR','21-06-2022','16:26:42 PM',NULL,NULL,'ESTEBAN DUBERLID ABAD MEJIA'),(2272,1374,'tramite','CARMEN QUISPE','SERUM','ENCARGADO DEL AREA','11-07-2022','09:29:23 AM',NULL,NULL,'IVAN MARIO VASQUEZ UCEDA'),(2273,1374,'tramite','CARMEN QUISPE','SERUM','ENCARGADO DEL AREA','11-07-2022','09:49:36 AM',NULL,NULL,'IVAN MARIO VASQUEZ UCEDA'),(2274,1376,'tramite','CARMEN QUISPE','SERUM','ENCARGADO DEL AREA','11-07-2022','09:51:34 AM',NULL,NULL,'IVAN MARIO VASQUEZ UCEDA'),(2275,1377,'tramite','DRA. OGADIS','JEFA DEL AREA','ENCARGADO DEL AREA','15-07-2022','09:56:53 AM',NULL,NULL,'IVAN MARIO VASQUEZ UCEDA'),(2276,1377,'tramite','DRA. OGADIS','JEFA DEL AREA','ENCARGADO DEL AREA','15-07-2022','10:11:57 AM',NULL,NULL,'IVAN MARIO VASQUEZ UCEDA'),(2277,1377,'tramite','CARMEN QUISPE','SERUM','ENCARGADO DEL AREA','15-07-2022','10:29:10 AM',NULL,NULL,'IVAN MARIO VASQUEZ UCEDA'),(2278,1379,'tramite','QUITANA','JEFA DEL AREA','ENCARGADO DEL AREA','15-07-2022','14:33:39 PM',NULL,NULL,'IVAN MARIO VASQUEZ UCEDA'),(2279,1380,'tramite','QUITANA','JEFA DEL AREA','ENCARGADO DEL AREA','15-07-2022','14:37:21 PM',NULL,NULL,'IVAN MARIO VASQUEZ UCEDA'),(2280,1381,'tramite','QUITANA','JEFA DEL AREA','ENCARGADO DEL AREA','15-07-2022','15:57:25 PM',NULL,NULL,'IVAN MARIO VASQUEZ UCEDA'),(2281,1382,'tramite','QUITANA','JEFA DEL AREA','ENCARGADO DEL AREA','19-07-2022','09:02:44 AM',NULL,NULL,'IVAN MARIO VASQUEZ UCEDA'),(2282,1383,'tramite','QUITANA','JEFA DEL AREA','LOGISTICA','19-07-2022','09:37:48 AM',NULL,NULL,'IVAN MARIO VASQUEZ UCEDA'),(2283,1384,'tramite','QUITANA','JEFA DEL AREA','LOGISTICA','19-07-2022','10:20:08 AM',NULL,NULL,'IVAN MARIO VASQUEZ UCEDA'),(2284,1384,'tramite','QUITANA','JEFA DEL AREA','LOGISTICA','19-07-2022','10:21:50 AM',NULL,NULL,'IVAN MARIO VASQUEZ UCEDA'),(2285,1386,'tramite','QUITANA','JEFA DEL AREA','LOGISTICA','19-07-2022','10:24:05 AM',NULL,NULL,'IVAN MARIO VASQUEZ UCEDA'),(2286,1387,'visita','DR. RAZO','JEFA DEL AREA','LABORATORIO','19-07-2022','10:26:31 AM',NULL,NULL,'IVAN MARIO VASQUEZ UCEDA'),(2287,1388,'tramite','PILAR','JEFA DEL AREA','LEGAJO','19-07-2022','16:37:04 PM',NULL,NULL,'IVAN MARIO VASQUEZ UCEDA'),(2288,1389,'visita','PERCY SULKA','JEFA DEL AREA','ADMINISTRACIO','19-07-2022','16:39:49 PM',NULL,NULL,'IVAN MARIO VASQUEZ UCEDA'),(2289,1390,'visita','QUITANA','JEFA DEL AREA','LOGISTICA','21-07-2022','10:05:47 AM',NULL,NULL,'IVAN MARIO VASQUEZ UCEDA'),(2290,1391,'visita','CARMEN QUISPE','JEFA DEL AREA','SERUM','21-07-2022','10:08:15 AM',NULL,NULL,'IVAN MARIO VASQUEZ UCEDA'),(2291,1392,'visita','CARMEN QUISPE','JEFA DEL AREA','SERUM','21-07-2022','10:10:02 AM',NULL,NULL,'IVAN MARIO VASQUEZ UCEDA'),(2292,1286,'tramite','CARMEN QUISPE','JEFA DEL AREA','SERUM','21-07-2022','14:09:06 PM',NULL,NULL,'IVAN MARIO VASQUEZ UCEDA'),(2293,1393,'tramite','CARMEN QUISPE','JEFA DEL AREA','SERUM','21-07-2022','14:11:05 PM',NULL,NULL,'IVAN MARIO VASQUEZ UCEDA'),(2294,1394,'visita','QUITANA','JEFA DEL AREA','LOGISTICA','21-07-2022','14:12:46 PM',NULL,NULL,'IVAN MARIO VASQUEZ UCEDA'),(2295,1394,'tramite','FRANK','JEFA DEL AREA','LOGISTICA','04-08-2022','08:36:17 AM',NULL,NULL,'ESTEBAN DUBERLID ABAD MEJIA'),(2296,1394,'visita','FRANK','JEFA DEL AREA','LOGISTICA','04-08-2022','08:41:06 AM',NULL,NULL,'ESTEBAN DUBERLID ABAD MEJIA'),(2297,1184,'tramite','JEFE DE PROCESOS','PROCESOS','PROCESOS','04-08-2022','08:46:17 AM',NULL,NULL,'ESTEBAN DUBERLID ABAD MEJIA'),(2298,1394,'tramite','PROCESOS','JEFE DE PROCESOS','PROCESOS','04-08-2022','08:49:08 AM',NULL,NULL,'ESTEBAN DUBERLID ABAD MEJIA'),(2299,1394,'tramite','ANNY ','S.C LOGISTICA','S.C LOGOSTICA','04-08-2022','09:15:52 AM',NULL,NULL,'ESTEBAN DUBERLID ABAD MEJIA'),(2300,1394,'tramite','ANNY ','S.C LOGISTICA','DIRIS LIMA SUR','04-08-2022','09:25:49 AM',NULL,NULL,'ESTEBAN DUBERLID ABAD MEJIA'),(2301,1394,'tramite','ANNY','S.C LOGISTICA','DIRIS LIMA SUR','04-08-2022','11:26:12 AM',NULL,NULL,'ESTEBAN DUBERLID ABAD MEJIA'),(2302,1394,'tramite','CARMEN QUISPE','CAPACITACIO','DIRIS LIMA SUR','04-08-2022','11:29:35 AM',NULL,NULL,'ESTEBAN DUBERLID ABAD MEJIA'),(2303,1394,'tramite','CARMEN QUISPE','CAPACITACIO','DIRIS LIMA SUR','04-08-2022','11:32:45 AM',NULL,NULL,'ESTEBAN DUBERLID ABAD MEJIA'),(2304,1394,'tramite','ANNY SC LOGISTICA','S.C LOGISTICA','DIRIS LIMA SUR','04-08-2022','11:34:48 AM',NULL,NULL,'ESTEBAN DUBERLID ABAD MEJIA'),(2305,1394,'tramite',' JEFE PROCESOS','PROCESOS','DIRIS LIMA SUR','04-08-2022','11:53:51 AM',NULL,NULL,'ESTEBAN DUBERLID ABAD MEJIA'),(2306,1394,'tramite','JEFE DE PROCESOS ','PROCESOS','DIRIS LIMA SUR','04-08-2022','11:55:57 AM',NULL,NULL,'ESTEBAN DUBERLID ABAD MEJIA'),(2307,1394,'tramite','ANNY SC LOGISTICA','S.C LOGISTICA','DIRIS LIMA SUR','04-08-2022','11:58:44 AM',NULL,NULL,'ESTEBAN DUBERLID ABAD MEJIA'),(2308,1394,'tramite','ANNY SC LOGISTICA','S.C LOGISTICA','DIRIS LIMA SUR','04-08-2022','12:00:22 PM',NULL,NULL,'ESTEBAN DUBERLID ABAD MEJIA'),(2309,1379,'tramite','VERONICA DEL CASTILLO','LOGISTICA - PROGRAMACIO','DIRIS LIMA SUR','04-08-2022','14:09:31 PM',NULL,NULL,'ESTEBAN DUBERLID ABAD MEJIA'),(2310,1394,'tramite','JUAN CARLOS','LOGISTICA','DIRIS LIMA SUR','04-08-2022','14:43:08 PM',NULL,NULL,'ESTEBAN DUBERLID ABAD MEJIA'),(2311,1394,'tramite','RAZO','LABORATORIO','DIRIS LIMA SUR','04-08-2022','15:16:38 PM',NULL,NULL,'ESTEBAN DUBERLID ABAD MEJIA'),(2312,1394,'tramite','CARMEN QUISPE','CAPACITACIO','DIRIS LIMA SUR','04-08-2022','16:01:20 PM','2022-04-08 00:00:00','4:15 PM','ESTEBAN DUBERLID ABAD MEJIA'),(2313,1411,'tramite','RAZO','LABORATORIO','DIRIS LIMA SUR','08-08-2022','08:19:36 AM',NULL,NULL,'ESTEBAN DUBERLID ABAD MEJIA'),(2314,1411,'tramite','RAZO','LABORATORIO','DIRIS LIMA SUR','08-08-2022','08:21:15 AM',NULL,NULL,'ESTEBAN DUBERLID ABAD MEJIA'),(2315,1414,'tramite','RAZO','LABORATORIUO','DIRIS LIMA SUR','08-08-2022','15:23:21 PM',NULL,NULL,'IVAN MARIO VASQUEZ UCEDA'),(2316,1415,'tramite','VERONICA DEL CASTILLO','LOGISTICA - PROGRAMACIO','DIRIS LIMA SUR','08-08-2022','15:25:51 PM',NULL,NULL,'IVAN MARIO VASQUEZ UCEDA'),(2317,1416,'tramite','ANNY SC LOGISTICA','LOGISTICA - PROGRAMACIO','DIRIS LIMA SUR','08-08-2022','15:32:17 PM',NULL,NULL,'IVAN MARIO VASQUEZ UCEDA'),(2318,1417,'tramite','MAHAMI','SERVICIOS GENERALES','DIRIS LIMA SUR','08-08-2022','15:53:21 PM',NULL,NULL,'IVAN MARIO VASQUEZ UCEDA'),(2319,1418,'tramite','ANNY SC LOGISTICA','LOGISTICA - PROGRAMACIO','DIRIS LIMA SUR','08-08-2022','16:12:40 PM',NULL,NULL,'IVAN MARIO VASQUEZ UCEDA'),(2320,1419,'tramite','ANNY SC LOGISTICA','LOGISTICA - PROGRAMACIO','DIRIS LIMA SUR','12-08-2022','08:41:44 AM',NULL,NULL,'IVAN MARIO VASQUEZ UCEDA'),(2321,1420,'tramite','ANNY SC LOGISTICA','LOGISTICA - PROGRAMACIO','DIRIS LIMA SUR','12-08-2022','08:43:25 AM',NULL,NULL,'IVAN MARIO VASQUEZ UCEDA'),(2322,1421,'tramite','VERONICA DEL CASTILLO','S.C LOGISTICA','DIRIS LIMA SUR','12-08-2022','08:45:30 AM',NULL,NULL,'IVAN MARIO VASQUEZ UCEDA'),(2323,1422,'tramite','ANNY SC LOGISTICA','LOGISTICA - PROGRAMACIO','DIRIS LIMA SUR','12-08-2022','15:29:55 PM',NULL,NULL,'IVAN MARIO VASQUEZ UCEDA'),(2324,1423,'tramite','ANNY SC LOGISTICA','LOGISTICA - PROGRAMACIO','DIRIS LIMA SUR','12-08-2022','15:31:52 PM',NULL,NULL,'IVAN MARIO VASQUEZ UCEDA'),(2325,1424,'tramite','ANNY SC LOGISTICA','LOGISTICA - PROGRAMACIO','DIRIS LIMA SUR','12-08-2022','15:34:07 PM',NULL,NULL,'IVAN MARIO VASQUEZ UCEDA');
/*!40000 ALTER TABLE `tap_registrovisita` ENABLE KEYS */;
UNLOCK TABLES;

--
-- Table structure for table `tap_tipodocumento`
--

DROP TABLE IF EXISTS `tap_tipodocumento`;
/*!40101 SET @saved_cs_client     = @@character_set_client */;
/*!50503 SET character_set_client = utf8mb4 */;
CREATE TABLE `tap_tipodocumento` (
  `id` int(11) NOT NULL AUTO_INCREMENT,
  `tipo_documento` varchar(50) DEFAULT NULL,
  `fecha_registro` varchar(50) DEFAULT NULL,
  PRIMARY KEY (`id`)
) ENGINE=InnoDB AUTO_INCREMENT=5 DEFAULT CHARSET=utf8mb4;
/*!40101 SET character_set_client = @saved_cs_client */;

--
-- Dumping data for table `tap_tipodocumento`
--

LOCK TABLES `tap_tipodocumento` WRITE;
/*!40000 ALTER TABLE `tap_tipodocumento` DISABLE KEYS */;
INSERT INTO `tap_tipodocumento` VALUES (1,'CARNET DE EXTRANJERIA','2020-06-22 10:23:32.2815567'),(2,'DNI','2020-06-22 10:23:32.2815567'),(4,'PASAPORTE','2020-06-22 10:23:32.2815567');
/*!40000 ALTER TABLE `tap_tipodocumento` ENABLE KEYS */;
UNLOCK TABLES;

--
-- Table structure for table `tap_usuario`
--

DROP TABLE IF EXISTS `tap_usuario`;
/*!40101 SET @saved_cs_client     = @@character_set_client */;
/*!50503 SET character_set_client = utf8mb4 */;
CREATE TABLE `tap_usuario` (
  `id` int(11) NOT NULL AUTO_INCREMENT,
  `idtipo_documento` int(11) DEFAULT NULL,
  `tipo_documento` varchar(50) NOT NULL,
  `num_documento` varchar(50) NOT NULL,
  `nombre` varchar(50) NOT NULL,
  `oficina` varchar(50) NOT NULL,
  `area` varchar(50) NOT NULL,
  `cargo` varchar(50) NOT NULL,
  `cel` varchar(50) NOT NULL,
  `sede` varchar(50) NOT NULL,
  `piso` varchar(15) NOT NULL,
  `usuario` varchar(50) NOT NULL,
  `password` varchar(256) NOT NULL,
  `idperfil` int(11) DEFAULT NULL,
  `perfil` varchar(50) NOT NULL,
  `foto` varchar(50) NOT NULL,
  `estado` int(11) DEFAULT NULL,
  `ultimo_login` varchar(50) DEFAULT NULL,
  `fecha_registro` datetime NOT NULL,
  `fecha` varchar(50) DEFAULT NULL,
  PRIMARY KEY (`id`),
  KEY `idtipo_documento` (`idtipo_documento`),
  KEY `idperfil` (`idperfil`),
  CONSTRAINT `tap_usuario_ibfk_1` FOREIGN KEY (`idtipo_documento`) REFERENCES `tap_tipodocumento` (`id`),
  CONSTRAINT `tap_usuario_ibfk_2` FOREIGN KEY (`idperfil`) REFERENCES `tap_perfil` (`id`)
) ENGINE=InnoDB AUTO_INCREMENT=1017 DEFAULT CHARSET=utf8mb4;
/*!40101 SET character_set_client = @saved_cs_client */;

--
-- Dumping data for table `tap_usuario`
--

LOCK TABLES `tap_usuario` WRITE;
/*!40000 ALTER TABLE `tap_usuario` DISABLE KEYS */;
INSERT INTO `tap_usuario` VALUES (1,1,'DNI','76244566','YOSSHI SALVADOR CONDORI MENDEITAAAA','ETF TEC','DESARROLLO','PROGRAMADOR','917023454','Pinillos','1','76244566','$2a$07$asxx54ahjppf45sd87a5auFL5K1.Cmt9ZheoVVuudOi5BCi10qWly',1,'Administrador','vistas/img/usuarios/admin/674.jpg',1,'2023-11-05 19:44:31','2020-06-23 10:23:00','2022-08-05'),(6,NULL,'DNI','09504005','JORGE TORREJON MARTINEZ','ETF MANTENIMIENTO','VIGILANCIA','VIGILANCIA','999999999','Pinillos','1','09504005','$2a$07$asxx54ahjppf45sd87a5aukVEvmiqgBS1l.em9ytXP2JHVN/H2lWC',NULL,'Digitador','',0,'2021-01-25 07:08:18','2020-11-12 11:16:34','2020-11-12'),(7,NULL,'DNI','08763647','LUIS QUISPE LAURA','ETF MANTENIMIENTO','VIGILANCIA','VIGILANCIA','999999999','Pinillos','1','08763647','$2a$07$asxx54ahjppf45sd87a5autwHxO8ceCq.AnJUUfFxpR9Q1Q4ad5L6',NULL,'Digitador','',1,'2020-11-19 06:55:31','2020-11-12 11:18:16','2020-11-12'),(8,NULL,'DNI','08909809','NARCISO ANTONIO BAUTISTA SALAS','ETF MANTENIMIENTO','VIGILANCIA','VIGILANCIA','999999999','Pinillos','1','08909809','$2a$07$asxx54ahjppf45sd87a5auRaes4kK5OYc9TTmbdeT9ogvAxNzqd8G',NULL,'Digitador','',1,'2022-06-06 11:14:54','2020-11-12 11:19:04','2020-11-12'),(9,NULL,'DNI','07820440','GUILLERMO RODRIGUEZ LOZANO','ETF MANTENIMIENTO','VIGILANCIA','VIGILANCIA','999999999','Pinillos','1','07820440','$2a$07$asxx54ahjppf45sd87a5auJH0PD1ghHqabdFu7AUFeinqjNXocTgu',NULL,'Digitador','',0,NULL,'2020-11-12 11:20:22','2020-11-12'),(10,NULL,'DNI','09834360','JOSE LUIS PALACIN INGA','ETF MANTENIMIENTO','VIGILANCIA','VIGILANCIA','999999999','Pinillos','1','09834360','$2a$07$asxx54ahjppf45sd87a5auOHMwFmQddwSmz1Ax88wpBHsDtZweDxi',NULL,'Digitador','',1,'2020-11-16 15:54:24','2020-11-16 15:51:28','2020-11-16'),(11,NULL,'DNI','46448331','JOSE DAVID HUAYTA VARGAS','ETF MANTENIMIENTO','MANTENIMIENTO','COORDINADOR','984926555','Pinillos','4','46448331','$2a$07$asxx54ahjppf45sd87a5auGbe16MeN/5XHQ6HWi7HlQVbIl0Q64se',NULL,'Administrador','',0,'2022-01-07 17:13:16','2021-12-31 12:47:35','2021-12-31'),(1011,NULL,'DNI','72767258','JUAN CARLO SAUÑE CARDENAS','ETF MANTENIMIENTO','VIGILANCIA','VIGILANTE','999999999','Pinillos','1','72767258','$2a$07$asxx54ahjppf45sd87a5au6l7Ygywaumb7TBabZ37ihAtAua52GSG',NULL,'Digitador','',1,NULL,'2022-05-16 11:32:04','2022-05-16'),(1012,NULL,'DNI','42692894','IVAN MARIO VASQUEZ UCEDA','ET MANTENIMIENTO','VIGILANCIA','VIGILANTE','999999999','Pinillos','1','42692894','$2a$07$asxx54ahjppf45sd87a5augHdOsI8xffkxqBJRKStMgVZgKPeFyHq',NULL,'Digitador','',1,'2022-08-12 15:28:00','2022-05-16 11:35:23','2022-05-16'),(1013,NULL,'DNI','48762505','ESTEBAN DUBERLID ABAD MEJIA','ETF MANTENIMIENTO','VIGILANCIA','VIGILANTE','999999999','Pinillos','1','48762505','$2a$07$asxx54ahjppf45sd87a5auuKViBkXxhumGqgv6iJnm/wQgmD.I2IG',NULL,'Digitador','',1,'2022-08-04 14:08:02','2022-05-16 11:36:26','2022-05-16'),(1014,NULL,'DNI','09834360','JOSE LUIS PALACIN INGA','ET MANTENIMIENTO','VIGILANCIA','VIGILANTE','999999999','Pinillos','1','09834360','$2a$07$asxx54ahjppf45sd87a5auOHMwFmQddwSmz1Ax88wpBHsDtZweDxi',NULL,'Digitador','',1,NULL,'2022-05-16 11:46:23','2022-05-16'),(1015,NULL,'DNI','72649405','ALDO MOGROVEJO AVILA','ETF MANTENIMIENTO','VIGILANCIA','COORDINADOR','999999999','Pinillos','1','72649405','$2a$07$asxx54ahjppf45sd87a5auLmsBG2hRTQG14LjWRpGwDIwb.rsZZta',NULL,'Digitador','',1,'2022-10-28 10:09:58','2022-05-16 11:57:55','2022-05-16'),(1016,NULL,'DNI','80253020','MAHAVI ILLANES CONTRETAS','ETF MANTENIMIENTO','JEFATURA','JEFE','999999999','Pinillos','1','80253020','$2a$07$asxx54ahjppf45sd87a5auu5RqrlcYWzY0wUhTYfnBNr3pTsi7ti2',NULL,'Digitador','',1,'2022-05-16 12:24:43','2022-05-16 11:59:42','2022-05-16');
/*!40000 ALTER TABLE `tap_usuario` ENABLE KEYS */;
UNLOCK TABLES;
/*!40103 SET TIME_ZONE=@OLD_TIME_ZONE */;

/*!40101 SET SQL_MODE=@OLD_SQL_MODE */;
/*!40014 SET FOREIGN_KEY_CHECKS=@OLD_FOREIGN_KEY_CHECKS */;
/*!40014 SET UNIQUE_CHECKS=@OLD_UNIQUE_CHECKS */;
/*!40101 SET CHARACTER_SET_CLIENT=@OLD_CHARACTER_SET_CLIENT */;
/*!40101 SET CHARACTER_SET_RESULTS=@OLD_CHARACTER_SET_RESULTS */;
/*!40101 SET COLLATION_CONNECTION=@OLD_COLLATION_CONNECTION */;
/*!40111 SET SQL_NOTES=@OLD_SQL_NOTES */;

-- Dump completed on 2023-11-05 20:12:03
